ENSG;ProtID;Symbol;
ENSG00000132541;P52758;HRSP12;
ENSG00000112651;Q5T653;MRPL2;
ENSG00000114867;Q04637;EIF4G1;
ENSG00000167112;O95900;TRUB2;
ENSG00000040341;Q9NUL3;STAU2;
ENSG00000182944;Q01844;EWSR1;
ENSG00000178105;Q13206;DDX10;
ENSG00000132541;P52758;HRSP12;
ENSG00000011260;Q9Y5J1;UTP18;
ENSG00000148843;Q14690;PDCD11;
ENSG00000145425;P61247;RPS3A;
ENSG00000121210;A2VDJ0;KIAA0922;
ENSG00000185651;P68036;UBE2L3;
ENSG00000163607;Q8N3Z3;GTPBP8;
ENSG00000164587;P62263;RPS14;
ENSG00000103067;Q9H6T0;ESRP2;
ENSG00000178952;P49411;TUFM;
ENSG00000087470;O00429;DNM1L;
ENSG00000029363;Q9NYF8;BCLAF1;
ENSG00000107164;Q96I24;FUBP3;
ENSG00000156928;Q96EH3;MALSU1;
ENSG00000116560;P23246;SFPQ;
ENSG00000121390;Q8WXF1;PSPC1;
ENSG00000096696;P15924;DSP;
ENSG00000138385;P05455;SSB;
ENSG00000100503;Q8N4C6;NIN;
ENSG00000138095;P42704;LRPPRC;
ENSG00000137710;P35241;RDX;
ENSG00000170515;Q9UQ80;PA2G4;
ENSG00000196924;P21333;FLNA;
ENSG00000100316;P39023;RPL3;
ENSG00000122965;Q9Y4C8;RBM19;
ENSG00000178372;Q9NZT1;CALML5;
ENSG00000241945;Q15269;PWP2;
ENSG00000089157;P05388;RPLP0;
ENSG00000005007;Q92900;UPF1;
ENSG00000137076;Q9Y490;TLN1;
ENSG00000182944;Q01844;EWSR1;
ENSG00000181588;Q86XN8;MEX3D;
ENSG00000145692;Q93088;BHMT;
ENSG00000092621;O43175;PHGDH;
ENSG00000148303;P62424;RPL7A;
ENSG00000130305;Q96P11;NSUN5;
ENSG00000136243;O15504;NUPL2;
ENSG00000135829;Q08211;DHX9;
ENSG00000107625;Q9BQ39;DDX50;
ENSG00000164163;P61221;ABCE1;
ENSG00000147274;P38159;RBMX;
ENSG00000100902;P60900;PSMA6;
ENSG00000107223;O60869;EDF1;
ENSG00000171497;Q08752;PPID;
ENSG00000204221;O15213;WDR46;
ENSG00000149925;J3KPS3;ALDOA;
ENSG00000178896;Q9NPD3;EXOSC4;
ENSG00000130305;Q96P11;NSUN5;
ENSG00000134644;Q5T1Z8;PUM1;
ENSG00000134987;Q8NI36;WDR36;
ENSG00000182909;Q96B70;LENG9;
ENSG00000148719;J3KPS0;DNAJB12;
ENSG00000055917;Q8TB72;PUM2;
ENSG00000132153;Q7L2E3;DHX30;
ENSG00000180098;Q9NX07;TRNAU1AP;
ENSG00000184897;Q92522;H1FX;
ENSG00000239306;Q96PK6;RBM14;
ENSG00000239306;Q96PK6;RBM14;
ENSG00000135316;O60506;SYNCRIP;
ENSG00000136279;Q9UJU6;DBNL;
ENSG00000005007;Q92900;UPF1;
ENSG00000136527;P62995;TRA2B;
ENSG00000164548;Q13595;TRA2A;
ENSG00000115677;Q00341;HDLBP;
ENSG00000106638;Q9Y4P3;TBL2;
ENSG00000100201;Q92841;DDX17;
ENSG00000105323;Q9BUJ2;HNRNPUL1;
ENSG00000089220;P30086;PEBP1;
ENSG00000183751;Q12788;TBL3;
ENSG00000172366;Q9BUT9;FAM195A;
ENSG00000239306;Q96PK6;RBM14;
ENSG00000239306;Q96PK6;RBM14;
ENSG00000165119;P61978;HNRNPK;
ENSG00000179950;Q9UHX1;PUF60;
ENSG00000076554;P55327;TPD52;
ENSG00000049883;Q8WV60;PTCD2;
ENSG00000132881;Q9BU20;RSG1;
ENSG00000161016;P62917;RPL8;
ENSG00000204221;O15213;WDR46;
ENSG00000117450;Q06830;PRDX1;
ENSG00000126945;P55795;HNRNPH2;
ENSG00000140988;P15880;RPS2;
ENSG00000244462;Q9NTZ6;RBM12;
ENSG00000144724;P23470;PTPRG;
ENSG00000149532;Q8N684;CPSF7;
ENSG00000114686;P09001;MRPL3;
ENSG00000160256;Q9NSI2;FAM207A;
ENSG00000008952;Q99442;SEC62;
ENSG00000197756;P61513;RPL37A;
ENSG00000152518;P47974;ZFP36L2;
ENSG00000177733;Q13151;HNRNPA0;
ENSG00000134308;P27348;YWHAQ;
ENSG00000175573;Q9H3H3;C11orf68;
ENSG00000161016;P62917;RPL8;
ENSG00000130254;Q14151;SAFB2;
ENSG00000100442;Q00688;FKBP3;
ENSG00000132300;Q96EY7;PTCD3;
ENSG00000168066;Q15637;SF1;
ENSG00000100138;P55769;NHP2L1;
ENSG00000179041;Q15050;RRS1;
ENSG00000143947;P62979;RPS27A;
ENSG00000089220;P30086;PEBP1;
ENSG00000142541;P40429;RPL13A;
ENSG00000121390;Q8WXF1;PSPC1;
ENSG00000115368;Q8IWA0;WDR75;
ENSG00000196943;Q86U38;NOP9;
ENSG00000113460;Q8TDN6;BRIX1;
ENSG00000106344;Q9NW13;RBM28;
ENSG00000139343;P62306;SNRPF;
ENSG00000132153;Q7L2E3;DHX30;
ENSG00000009307;G5E9Q2;CSDE1;
ENSG00000162613;B4DT31;FUBP1;
ENSG00000107164;Q96I24;FUBP3;
ENSG00000132153;Q7L2E3;DHX30;
ENSG00000147140;Q15233;NONO;
ENSG00000100201;Q92841;DDX17;
ENSG00000141994;Q96G46;DUS3L;
ENSG00000159140;P18583;SON;
ENSG00000148843;Q14690;PDCD11;
ENSG00000100650;Q13243;SRSF5;
ENSG00000115677;Q00341;HDLBP;
ENSG00000130305;Q96P11;NSUN5;
ENSG00000161634;P81605;DCD;
ENSG00000126777;Q86UP2;KTN1;
ENSG00000160633;Q15424;SAFB;
ENSG00000100601;Q13686;ALKBH1;
ENSG00000114416;P51114;FXR1;
ENSG00000005007;Q92900;UPF1;
ENSG00000257103;Q8ND56;LSM14A;
ENSG00000253729;P78527;PRKDC;
ENSG00000005007;Q92900;UPF1;
ENSG00000155506;Q6PKG0;LARP1;
ENSG00000135829;Q08211;DHX9;
ENSG00000158467;Q96HN2;AHCYL2;
ENSG00000148843;Q14690;PDCD11;
ENSG00000161813;Q71RC2;LARP4;
ENSG00000075239;P24752;ACAT1;
ENSG00000155363;Q9HCE1;MOV10;
ENSG00000143569;Q14157;UBAP2L;
ENSG00000111786;Q13242;SRSF9;
ENSG00000106211;P04792;HSPB1;
ENSG00000135387;Q14444;CAPRIN1;
ENSG00000122406;P46777;RPL5;
ENSG00000182810;Q9NUL7;DDX28;
ENSG00000130725;P61081;UBE2M;
ENSG00000023191;P13489;RNH1;
ENSG00000115677;Q00341;HDLBP;
ENSG00000066044;B4DVB8;ELAVL1;
ENSG00000123064;Q8TDD1;DDX54;
ENSG00000087087;Q9BXP5;SRRT;
ENSG00000015479;P43243;MATR3;
ENSG00000175416;P09497;CLTB;
ENSG00000242247;Q9NP61;ARFGAP3;
ENSG00000055917;Q8TB72;PUM2;
ENSG00000115677;Q00341;HDLBP;
ENSG00000105202;P22087;FBL;
ENSG00000177954;P42677;RPS27;
ENSG00000165704;P00492;HPRT1;
ENSG00000153187;Q00839;HNRNPU;
ENSG00000048828;Q9NZB2;FAM120A;
ENSG00000138095;P42704;LRPPRC;
ENSG00000133059;Q6XUX3;DSTYK;
ENSG00000170248;Q8WUM4;PDCD6IP;
ENSG00000118246;Q9NYY8;FASTKD2;
ENSG00000197694;Q13813;SPTAN1;
ENSG00000125944;O43390;HNRNPR;
ENSG00000009307;G5E9Q2;CSDE1;
ENSG00000129245;P51116;FXR2;
ENSG00000189306;Q9Y3A4;RRP7A;
ENSG00000180370;Q13177;PAK2;
ENSG00000071626;Q96EP5;DAZAP1;
ENSG00000172172;Q9BYD1;MRPL13;
ENSG00000136628;P07814;EPRS;
ENSG00000009307;G5E9Q2;CSDE1;
ENSG00000141141;Q9Y2R4;DDX52;
ENSG00000106344;Q9NW13;RBM28;
ENSG00000171988;Q15652;JMJD1C;
ENSG00000132153;Q7L2E3;DHX30;
ENSG00000134644;Q5T1Z8;PUM1;
ENSG00000006744;Q9BQ52;ELAC2;
ENSG00000164338;Q8TED0;UTP15;
ENSG00000132153;Q7L2E3;DHX30;
ENSG00000197157;Q7KZF4;SND1;
ENSG00000197157;Q7KZF4;SND1;
ENSG00000138095;P42704;LRPPRC;
ENSG00000142207;O60287;URB1;
ENSG00000155636;Q8IUH3;RBM45;
ENSG00000112306;P25398;RPS12;
ENSG00000127824;P68366;TUBA4A;
ENSG00000155363;Q9HCE1;MOV10;
ENSG00000135829;Q08211;DHX9;
ENSG00000163694;A0AV96;RBM47;
ENSG00000125944;O43390;HNRNPR;
ENSG00000148584;Q9NQ94;A1CF;
ENSG00000122566;P22626;HNRNPA2B1;
ENSG00000122566;P22626;HNRNPA2B1;
ENSG00000085733;Q14247;CTTN;
ENSG00000197157;Q7KZF4;SND1;
ENSG00000156469;Q96E29;MTERFD1;
ENSG00000174374;Q96I51;WBSCR16;
ENSG00000108953;P62258;YWHAE;
ENSG00000138029;P55084;HADHB;
ENSG00000185624;P07237;P4HB;
ENSG00000009307;G5E9Q2;CSDE1;
ENSG00000155363;Q9HCE1;MOV10;
ENSG00000160710;P55265;ADAR;
ENSG00000142534;P62280;RPS11;
ENSG00000005007;Q92900;UPF1;
ENSG00000197694;Q13813;SPTAN1;
ENSG00000136197;Q9BPX7;C7orf25;
ENSG00000115677;Q00341;HDLBP;
ENSG00000116584;Q92974;ARHGEF2;
ENSG00000115053;P19338;NCL;
ENSG00000129351;Q12906;ILF3;
ENSG00000167004;P30101;PDIA3;
ENSG00000052749;Q5JTH9;RRP12;
ENSG00000211460;Q15631;TSN;
ENSG00000080608;Q15397;KIAA0020;
ENSG00000143947;P62979;RPS27A;
ENSG00000122299;Q8IWR0;ZC3H7A;
ENSG00000138095;P42704;LRPPRC;
ENSG00000114416;P51114;FXR1;
ENSG00000147649;Q86UE4;MTDH;
ENSG00000170144;P51991;HNRNPA3;
ENSG00000144029;P82675;MRPS5;
ENSG00000125743;P62316;SNRPD2;
ENSG00000132300;Q96EY7;PTCD3;
ENSG00000144028;O75643;SNRNP200;
ENSG00000110104;Q9H6F5;CCDC86;
ENSG00000130816;P26358;DNMT1;
ENSG00000161960;P60842;EIF4A1;
ENSG00000198000;Q76FK4;NOL8;
ENSG00000175416;P09497;CLTB;
ENSG00000149658;Q9BYJ9;YTHDF1;
ENSG00000135316;O60506;SYNCRIP;
ENSG00000089280;P35637;FUS;
ENSG00000132466;O75179;ANKRD17;
ENSG00000119711;Q02252;ALDH6A1;
ENSG00000187772;Q6ZN17;LIN28B;
ENSG00000117569;B4DSS8;PTBP2;
ENSG00000138095;P42704;LRPPRC;
ENSG00000116288;Q99497;PARK7;
ENSG00000126945;P55795;HNRNPH2;
ENSG00000187772;Q6ZN17;LIN28B;
ENSG00000204469;P48634;PRRC2A;
ENSG00000105321;Q9Y3X0;CCDC9;
ENSG00000105939;Q7Z2W4;ZC3HAV1;
ENSG00000115677;Q00341;HDLBP;
ENSG00000134644;Q5T1Z8;PUM1;
ENSG00000125944;O43390;HNRNPR;
ENSG00000144381;P10809;HSPD1;
ENSG00000115306;Q01082;SPTBN1;
ENSG00000181588;Q86XN8;MEX3D;
ENSG00000176624;Q5U5Q3;MEX3C;
ENSG00000115368;Q8IWA0;WDR75;
ENSG00000123908;Q9UKV8;AGO2;
ENSG00000099783;P52272;HNRNPM;
ENSG00000088205;Q9NVP1;DDX18;
ENSG00000108654;P17844;DDX5;
ENSG00000023191;P13489;RNH1;
ENSG00000196504;O75400;PRPF40A;
ENSG00000164587;P62263;RPS14;
ENSG00000152234;P25705;ATP5A1;
ENSG00000163694;A0AV96;RBM47;
ENSG00000055044;Q9Y2X3;NOP58;
ENSG00000184863;Q96EV2;RBM33;
ENSG00000100604;P10645;CHGA;
ENSG00000136270;Q969Z0;TBRG4;
ENSG00000023191;P13489;RNH1;
ENSG00000120800;O75691;UTP20;
ENSG00000196419;P12956;XRCC6;
ENSG00000170448;Q6ZNB6;NFXL1;
ENSG00000009307;G5E9Q2;CSDE1;
ENSG00000162613;B4DT31;FUBP1;
ENSG00000119314;O95758;PTBP3;
ENSG00000011304;P26599;PTBP1;
ENSG00000158710;P37802;TAGLN2;
ENSG00000157110;B4E3T4;RBPMS;
ENSG00000112739;Q13523;PRPF4B;
ENSG00000100941;Q9H307;PNN;
ENSG00000133226;Q8IYB3;SRRM1;
ENSG00000136897;Q8N5N7;MRPL50;
ENSG00000206053;B4DLH4;HN1L;
ENSG00000086504;Q13084;MRPL28;
ENSG00000100029;O00541;PES1;
ENSG00000100201;Q92841;DDX17;
ENSG00000055483;Q9P275;USP36;
ENSG00000116221;Q9BZE1;MRPL37;
ENSG00000115368;Q8IWA0;WDR75;
ENSG00000148498;Q8TEW0;PARD3;
ENSG00000117395;H7C2Q8;EBNA1BP2;
ENSG00000130811;O75821;EIF3G;
ENSG00000130811;O75821;EIF3G;
ENSG00000104131;O75822;EIF3J;
ENSG00000155363;Q9HCE1;MOV10;
ENSG00000087884;K4DI89;AAMDC;
ENSG00000026025;P08670;VIM;
ENSG00000204469;P48634;PRRC2A;
ENSG00000156976;Q14240;EIF4A2;
ENSG00000125844;Q9P2E9;RRBP1;
ENSG00000035403;P18206;VCL;
ENSG00000099783;P52272;HNRNPM;
ENSG00000204842;Q99700;ATXN2;
ENSG00000125901;Q9BYN8;MRPS26;
ENSG00000178105;Q13206;DDX10;
ENSG00000122299;Q8IWR0;ZC3H7A;
ENSG00000137776;Q9NWH9;SLTM;
ENSG00000100380;P50502;ST13;
ENSG00000197451;Q99729;HNRNPAB;
ENSG00000135097;O43347;MSI1;
ENSG00000120948;Q13148;TARDBP;
ENSG00000197157;Q7KZF4;SND1;
ENSG00000159433;Q9P2P6;STARD9;
ENSG00000147140;Q15233;NONO;
ENSG00000077809;P78347;GTF2I;
ENSG00000116560;P23246;SFPQ;
ENSG00000147140;Q15233;NONO;
ENSG00000121390;Q8WXF1;PSPC1;
ENSG00000121390;Q8WXF1;PSPC1;
ENSG00000164934;Q9NV06;DCAF13;
ENSG00000170515;Q9UQ80;PA2G4;
ENSG00000142864;Q8NC51;SERBP1;
ENSG00000198034;P62701;RPS4X;
ENSG00000142634;Q96C19;EFHD2;
ENSG00000148843;Q14690;PDCD11;
ENSG00000163714;O15042;U2SURP;
ENSG00000135829;Q08211;DHX9;
ENSG00000099783;P52272;HNRNPM;
ENSG00000055917;Q8TB72;PUM2;
ENSG00000134644;Q5T1Z8;PUM1;
ENSG00000146676;Q96QR8;PURB;
ENSG00000185129;Q00577;PURA;
ENSG00000141076;Q969X6;CIRH1A;
ENSG00000113742;Q17RY0;CPEB4;
ENSG00000153201;P49792;RANBP2;
ENSG00000011007;Q14241;TCEB3;
ENSG00000071626;Q96EP5;DAZAP1;
ENSG00000153187;Q00839;HNRNPU;
ENSG00000135372;Q9H0A0;NAT10;
ENSG00000031698;P49591;SARS;
ENSG00000155363;Q9HCE1;MOV10;
ENSG00000005007;Q92900;UPF1;
ENSG00000099783;P52272;HNRNPM;
ENSG00000177885;P62993;GRB2;
ENSG00000150459;O00422;SAP18;
ENSG00000161011;Q13501;SQSTM1;
ENSG00000107951;Q9NVV4;MTPAP;
ENSG00000198498;Q96EY4;TMA16;
ENSG00000005007;Q92900;UPF1;
ENSG00000109606;O43143;DHX15;
ENSG00000168028;P08865;RPSA;
ENSG00000149273;P23396;RPS3;
ENSG00000149273;P23396;RPS3;
ENSG00000182180;Q9Y3D3;MRPS16;
ENSG00000168906;P31153;MAT2A;
ENSG00000105939;Q7Z2W4;ZC3HAV1;
ENSG00000112578;Q13895;BYSL;
ENSG00000148843;Q14690;PDCD11;
ENSG00000159763;P12273;PIP;
ENSG00000121774;Q07666;KHDRBS1;
ENSG00000065978;P67809;YBX1;
ENSG00000011007;Q14241;TCEB3;
ENSG00000122965;Q9Y4C8;RBM19;
ENSG00000141551;P48730;CSNK1D;
ENSG00000117519;Q15417;CNN3;
ENSG00000176102;Q12996;CSTF3;
ENSG00000138095;P42704;LRPPRC;
ENSG00000126945;P55795;HNRNPH2;
ENSG00000106344;Q9NW13;RBM28;
ENSG00000182944;Q01844;EWSR1;
ENSG00000009307;G5E9Q2;CSDE1;
ENSG00000182004;P62304;SNRPE;
ENSG00000147649;Q86UE4;MTDH;
ENSG00000125743;P62316;SNRPD2;
ENSG00000177733;Q13151;HNRNPA0;
ENSG00000124942;Q09666;AHNAK;
ENSG00000124942;Q09666;AHNAK;
ENSG00000197157;Q7KZF4;SND1;
ENSG00000065183;Q9UNX4;WDR3;
ENSG00000113282;Q14677;CLINT1;
ENSG00000142864;Q8NC51;SERBP1;
ENSG00000124942;Q09666;AHNAK;
ENSG00000137154;P62753;RPS6;
ENSG00000147677;B3KS98;EIF3H;
ENSG00000160710;P55265;ADAR;
ENSG00000009307;G5E9Q2;CSDE1;
ENSG00000182872;P98175;RBM10;
ENSG00000170144;P51991;HNRNPA3;
ENSG00000100836;Q86U42;PABPN1;
ENSG00000138668;Q14103;HNRNPD;
ENSG00000152795;O14979;HNRNPDL;
ENSG00000128534;O95777;NAA38;
ENSG00000159176;P21291;CSRP1;
ENSG00000100650;Q13243;SRSF5;
ENSG00000099622;D6W5Y5;CIRBP;
ENSG00000135486;P09651;HNRNPA1;
ENSG00000115866;P14868;DARS;
ENSG00000096746;P31942;HNRNPH3;
ENSG00000162896;P01833;PIGR;
ENSG00000204569;Q96QC0;PPP1R10;
ENSG00000115541;P61604;HSPE1;
ENSG00000100883;P61011;SRP54;
ENSG00000187772;Q6ZN17;LIN28B;
ENSG00000146676;Q96QR8;PURB;
ENSG00000149273;P23396;RPS3;
ENSG00000204569;Q96QC0;PPP1R10;
ENSG00000122566;P22626;HNRNPA2B1;
ENSG00000131876;P09661;SNRPA1;
ENSG00000147905;Q8N3Z6;ZCCHC7;
ENSG00000055917;Q8TB72;PUM2;
ENSG00000131051;Q14498;RBM39;
ENSG00000134644;Q5T1Z8;PUM1;
ENSG00000149925;J3KPS3;ALDOA;
ENSG00000135829;Q08211;DHX9;
ENSG00000178952;P49411;TUFM;
ENSG00000177764;Q9NUD5;ZCCHC3;
ENSG00000039123;P42285;SKIV2L2;
ENSG00000144867;Q9Y5M8;SRPRB;
ENSG00000059378;Q9H0J9;PARP12;
ENSG00000143889;D6W592;HNRNPLL;
ENSG00000065526;Q96T58;SPEN;
ENSG00000130935;Q9H8H0;NOL11;
ENSG00000175792;Q9Y265;RUVBL1;
ENSG00000144029;P82675;MRPS5;
ENSG00000169813;P52597;HNRNPF;
ENSG00000114867;Q04637;EIF4G1;
ENSG00000153250;B4DN88;RBMS1;
ENSG00000126945;P55795;HNRNPH2;
ENSG00000132463;Q12849;GRSF1;
ENSG00000130305;Q96P11;NSUN5;
ENSG00000148843;Q14690;PDCD11;
ENSG00000130305;Q96P11;NSUN5;
ENSG00000116560;P23246;SFPQ;
ENSG00000138095;P42704;LRPPRC;
ENSG00000131732;Q8N567;ZCCHC9;
ENSG00000131732;Q8N567;ZCCHC9;
ENSG00000241945;Q15269;PWP2;
ENSG00000123200;Q5T200;ZC3H13;
ENSG00000015479;P43243;MATR3;
ENSG00000241945;Q15269;PWP2;
ENSG00000062582;Q96EL2;MRPS24;
ENSG00000143977;P62308;SNRPG;
ENSG00000130176;P51911;CNN1;
ENSG00000174444;P36578;RPL4;
ENSG00000136271;Q9NY93;DDX56;
ENSG00000162775;Q96T37;RBM15;
ENSG00000055917;Q8TB72;PUM2;
ENSG00000196498;Q9Y618;NCOR2;
ENSG00000182872;P98175;RBM10;
ENSG00000198561;O60716;CTNND1;
ENSG00000197892;Q9NQT8;KIF13B;
ENSG00000132153;Q7L2E3;DHX30;
ENSG00000122359;P50995;ANXA11;
ENSG00000143621;Q12905;ILF2;
ENSG00000174780;O76094;SRP72;
ENSG00000161960;P60842;EIF4A1;
ENSG00000115268;P62841;RPS15;
ENSG00000088930;Q9H0D6;XRN2;
ENSG00000147586;Q9Y2Q9;MRPS28;
ENSG00000048828;Q9NZB2;FAM120A;
ENSG00000125485;Q9H8H2;DDX31;
ENSG00000165832;Q8WWH5;TRUB1;
ENSG00000167658;P13639;EEF2;
ENSG00000175931;Q9C0C9;UBE2O;
ENSG00000149925;J3KPS3;ALDOA;
ENSG00000129351;Q12906;ILF3;
ENSG00000204576;P79522;PRR3;
ENSG00000090621;Q13310;PABPC4;
ENSG00000164548;Q13595;TRA2A;
ENSG00000153187;Q00839;HNRNPU;
ENSG00000131051;Q14498;RBM39;
ENSG00000070756;P11940;PABPC1;
ENSG00000108654;P17844;DDX5;
ENSG00000148843;Q14690;PDCD11;
ENSG00000058673;O75152;ZC3H11A;
ENSG00000125743;P62316;SNRPD2;
ENSG00000147649;Q86UE4;MTDH;
ENSG00000138095;P42704;LRPPRC;
ENSG00000253729;P78527;PRKDC;
ENSG00000204221;O15213;WDR46;
ENSG00000142207;O60287;URB1;
ENSG00000079246;P13010;XRCC5;
ENSG00000132382;Q9BQG0;MYBBP1A;
ENSG00000197958;P30050;RPL12;
ENSG00000130935;Q9H8H0;NOL11;
ENSG00000155506;Q6PKG0;LARP1;
ENSG00000244462;Q9NTZ6;RBM12;
ENSG00000155363;Q9HCE1;MOV10;
ENSG00000160710;P55265;ADAR;
ENSG00000130702;O15230;LAMA5;
ENSG00000103067;Q9H6T0;ESRP2;
ENSG00000147604;P18124;RPL7;
ENSG00000155363;Q9HCE1;MOV10;
ENSG00000162613;B4DT31;FUBP1;
ENSG00000135372;Q9H0A0;NAT10;
ENSG00000143321;P51858;HDGF;
ENSG00000165119;P61978;HNRNPK;
ENSG00000107164;Q96I24;FUBP3;
ENSG00000196531;Q13765;NACA;
ENSG00000164587;P62263;RPS14;
ENSG00000164587;P62263;RPS14;
ENSG00000136271;Q9NY93;DDX56;
ENSG00000122406;P46777;RPL5;
ENSG00000197498;Q9H7B2;RPF2;
ENSG00000170144;P51991;HNRNPA3;
ENSG00000166794;P23284;PPIB;
ENSG00000153944;Q96DH6;MSI2;
ENSG00000138668;Q14103;HNRNPD;
ENSG00000154719;Q9NYK5;MRPL39;
ENSG00000162613;B4DT31;FUBP1;
ENSG00000115216;Q9UHY1;NRBP1;
ENSG00000165732;Q9NR30;DDX21;
ENSG00000133706;Q9P2J5;LARS;
ENSG00000088247;Q92945;KHSRP;
ENSG00000159217;Q9NZI8;IGF2BP1;
ENSG00000165119;P61978;HNRNPK;
ENSG00000088247;Q92945;KHSRP;
ENSG00000111669;P60174;TPI1;
ENSG00000189403;P09429;HMGB1;
ENSG00000164104;P26583;HMGB2;
ENSG00000145050;P55145;MANF;
ENSG00000111641;P46087;NOP2;
ENSG00000177600;P05387;RPLP2;
ENSG00000143621;Q12905;ILF2;
ENSG00000108298;P84098;RPL19;
ENSG00000136271;Q9NY93;DDX56;
ENSG00000187145;P82921;MRPS21;
ENSG00000118246;Q9NYY8;FASTKD2;
ENSG00000167658;P13639;EEF2;
ENSG00000110955;P06576;ATP5B;
ENSG00000161057;P35998;PSMC2;
ENSG00000115368;Q8IWA0;WDR75;
ENSG00000265681;P18621;RPL17;
ENSG00000127947;Q05209;PTPN12;
ENSG00000162613;B4DT31;FUBP1;
ENSG00000197451;Q99729;HNRNPAB;
ENSG00000138668;Q14103;HNRNPD;
ENSG00000155363;Q9HCE1;MOV10;
ENSG00000125691;P62829;RPL23;
ENSG00000124942;Q09666;AHNAK;
ENSG00000124942;Q09666;AHNAK;
ENSG00000073792;Q9Y6M1;IGF2BP2;
ENSG00000140575;P46940;IQGAP1;
ENSG00000170515;Q9UQ80;PA2G4;
ENSG00000054523;O60333;KIF1B;
ENSG00000108179;P30405;PPIF;
ENSG00000185651;P68036;UBE2L3;
ENSG00000114416;P51114;FXR1;
ENSG00000071626;Q96EP5;DAZAP1;
ENSG00000138668;Q14103;HNRNPD;
ENSG00000044574;P11021;HSPA5;
ENSG00000189403;P09429;HMGB1;
ENSG00000164104;P26583;HMGB2;
ENSG00000239306;Q96PK6;RBM14;
ENSG00000132780;P49321;NASP;
ENSG00000187735;P23193;TCEA1;
ENSG00000055483;Q9P275;USP36;
ENSG00000089280;P35637;FUS;
ENSG00000138095;P42704;LRPPRC;
ENSG00000129245;P51116;FXR2;
ENSG00000106244;Q13442;PDAP1;
ENSG00000132819;Q9H0Z9;RBM38;
ENSG00000163694;A0AV96;RBM47;
ENSG00000129351;Q12906;ILF3;
ENSG00000135829;Q08211;DHX9;
ENSG00000055950;B1AL06;MRPL43;
ENSG00000239306;Q96PK6;RBM14;
ENSG00000143924;Q9HC35;EML4;
ENSG00000132024;Q6P1N0;CC2D1A;
ENSG00000130305;Q96P11;NSUN5;
ENSG00000198242;A8MUS3;RPL23A;
ENSG00000136270;Q969Z0;TBRG4;
ENSG00000167526;P26373;RPL13;
ENSG00000164934;Q9NV06;DCAF13;
ENSG00000146909;Q5C9Z4;NOM1;
ENSG00000125944;O43390;HNRNPR;
ENSG00000015479;P43243;MATR3;
ENSG00000023191;P13489;RNH1;
ENSG00000138095;P42704;LRPPRC;
ENSG00000138385;P05455;SSB;
ENSG00000135316;O60506;SYNCRIP;
ENSG00000155506;Q6PKG0;LARP1;
ENSG00000011243;Q9ULX6;AKAP8L;
ENSG00000182872;P98175;RBM10;
ENSG00000204469;P48634;PRRC2A;
ENSG00000130713;Q13868;EXOSC2;
ENSG00000125651;P35269;GTF2F1;
ENSG00000141543;P38919;EIF4A3;
ENSG00000138095;P42704;LRPPRC;
ENSG00000162231;Q9UBU9;NXF1;
ENSG00000197111;Q15366;PCBP2;
ENSG00000188783;P51888;PRELP;
ENSG00000048828;Q9NZB2;FAM120A;
ENSG00000107581;Q14152;EIF3A;
ENSG00000149187;G5EA30;CELF1;
ENSG00000129351;Q12906;ILF3;
ENSG00000165119;P61978;HNRNPK;
ENSG00000099622;D6W5Y5;CIRBP;
ENSG00000121390;Q8WXF1;PSPC1;
ENSG00000138095;P42704;LRPPRC;
ENSG00000023191;P13489;RNH1;
ENSG00000164104;P26583;HMGB2;
ENSG00000112306;P25398;RPS12;
ENSG00000135829;Q08211;DHX9;
ENSG00000172757;P23528;CFL1;
ENSG00000163220;P06702;S100A9;
ENSG00000161634;P81605;DCD;
ENSG00000120800;O75691;UTP20;
ENSG00000197157;Q7KZF4;SND1;
ENSG00000116120;Q9NSD9;FARSB;
ENSG00000130826;O60832;DKC1;
ENSG00000099821;O00411;POLRMT;
ENSG00000138095;P42704;LRPPRC;
ENSG00000100028;P62318;SNRPD3;
ENSG00000138095;P42704;LRPPRC;
ENSG00000110700;P62277;RPS13;
ENSG00000118181;P62851;RPS25;
ENSG00000136938;Q92688;ANP32B;
ENSG00000170606;P34932;HSPA4;
ENSG00000130723;Q5JSZ5;PRRC2B;
ENSG00000089280;P35637;FUS;
ENSG00000120802;P42166;TMPO;
ENSG00000148303;P62424;RPL7A;
ENSG00000124795;P35659;DEK;
ENSG00000125844;Q9P2E9;RRBP1;
ENSG00000065183;Q9UNX4;WDR3;
ENSG00000132382;Q9BQG0;MYBBP1A;
ENSG00000107581;Q14152;EIF3A;
ENSG00000140988;P15880;RPS2;
ENSG00000158417;O60841;EIF5B;
ENSG00000122299;Q8IWR0;ZC3H7A;
ENSG00000108654;P17844;DDX5;
ENSG00000198113;Q9NXH8;TOR4A;
ENSG00000113643;P54136;RARS;
ENSG00000186416;O15226;NKRF;
ENSG00000155363;Q9HCE1;MOV10;
ENSG00000155363;Q9HCE1;MOV10;
ENSG00000164338;Q8TED0;UTP15;
ENSG00000163607;Q8N3Z3;GTPBP8;
ENSG00000137154;P62753;RPS6;
ENSG00000136628;P07814;EPRS;
ENSG00000131013;Q8WUA2;PPIL4;
ENSG00000149657;Q9BX40;LSM14B;
ENSG00000117523;Q9Y520;PRRC2C;
ENSG00000107625;Q9BQ39;DDX50;
ENSG00000145907;Q13283;G3BP1;
ENSG00000065183;Q9UNX4;WDR3;
ENSG00000183751;Q12788;TBL3;
ENSG00000173230;Q14789;GOLGB1;
ENSG00000129347;Q8N9T8;KRI1;
ENSG00000138095;P42704;LRPPRC;
ENSG00000132153;Q7L2E3;DHX30;
ENSG00000253729;P78527;PRKDC;
ENSG00000100722;Q6PJT7;ZC3H14;
ENSG00000023191;P13489;RNH1;
ENSG00000100029;O00541;PES1;
ENSG00000037474;Q08J23;NSUN2;
ENSG00000112110;Q9H0U6;MRPL18;
ENSG00000115677;Q00341;HDLBP;
ENSG00000052749;Q5JTH9;RRP12;
ENSG00000138073;Q9HCU5;PREB;
ENSG00000136270;Q969Z0;TBRG4;
ENSG00000086189;Q9UNQ2;DIMT1;
ENSG00000107937;Q9BZE4;GTPBP4;
ENSG00000137804;Q9BXS6;NUSAP1;
ENSG00000079246;P13010;XRCC5;
ENSG00000146676;Q96QR8;PURB;
ENSG00000142937;P62241;RPS8;
ENSG00000138385;P05455;SSB;
ENSG00000157110;B4E3T4;RBPMS;
ENSG00000011260;Q9Y5J1;UTP18;
ENSG00000156482;P62888;RPL30;
ENSG00000122965;Q9Y4C8;RBM19;
ENSG00000149591;Q01995;TAGLN;
ENSG00000149591;Q01995;TAGLN;
ENSG00000130305;Q96P11;NSUN5;
ENSG00000116221;Q9BZE1;MRPL37;
ENSG00000023734;B4DNJ6;STRAP;
ENSG00000177971;Q9NV31;IMP3;
ENSG00000107581;Q14152;EIF3A;
ENSG00000005007;Q92900;UPF1;
ENSG00000089220;P30086;PEBP1;
ENSG00000063244;P26368;U2AF2;
ENSG00000104419;Q92597;NDRG1;
ENSG00000103034;Q9ULP0;NDRG4;
ENSG00000029363;Q9NYF8;BCLAF1;
ENSG00000206053;B4DLH4;HN1L;
ENSG00000153187;Q00839;HNRNPU;
ENSG00000110321;D3DQV9;EIF4G2;
ENSG00000117597;Q68CQ4;DIEXF;
ENSG00000108826;Q9P0M9;MRPL27;
ENSG00000153944;Q96DH6;MSI2;
ENSG00000099783;P52272;HNRNPM;
ENSG00000107164;Q96I24;FUBP3;
ENSG00000099783;P52272;HNRNPM;
ENSG00000055917;Q8TB72;PUM2;
ENSG00000134644;Q5T1Z8;PUM1;
ENSG00000088247;Q92945;KHSRP;
ENSG00000169813;P52597;HNRNPF;
ENSG00000169045;P31943;HNRNPH1;
ENSG00000115816;Q03701;CEBPZ;
ENSG00000128739;B3KVR1;SNRPN;
ENSG00000149187;G5EA30;CELF1;
ENSG00000185298;Q6PK04;CCDC137;
ENSG00000131795;Q9Y5S9;RBM8A;
ENSG00000186416;O15226;NKRF;
ENSG00000004534;P78332;RBM6;
ENSG00000138095;P42704;LRPPRC;
ENSG00000134697;Q13823;GNL2;
ENSG00000197157;Q7KZF4;SND1;
ENSG00000099783;P52272;HNRNPM;
ENSG00000149658;Q9BYJ9;YTHDF1;
ENSG00000103994;Q9H2Y7;ZNF106;
ENSG00000146676;Q96QR8;PURB;
ENSG00000253729;P78527;PRKDC;
ENSG00000145425;P61247;RPS3A;
ENSG00000140332;Q04726;TLE3;
ENSG00000151150;Q12955;ANK3;
ENSG00000134440;O43776;NARS;
ENSG00000091140;P09622;DLD;
ENSG00000090621;Q13310;PABPC4;
ENSG00000105640;Q02543;RPL18A;
ENSG00000174173;Q7L0Y3;TRMT10C;
ENSG00000011304;P26599;PTBP1;
ENSG00000160633;Q15424;SAFB;
ENSG00000107164;Q96I24;FUBP3;
ENSG00000124193;Q13247;SRSF6;
ENSG00000048828;Q9NZB2;FAM120A;
ENSG00000107581;Q14152;EIF3A;
ENSG00000142534;P62280;RPS11;
ENSG00000130176;P51911;CNN1;
ENSG00000239672;P15531;NME1;
ENSG00000196419;P12956;XRCC6;
ENSG00000164934;Q9NV06;DCAF13;
ENSG00000143368;Q15427;SF3B4;
ENSG00000115368;Q8IWA0;WDR75;
ENSG00000132153;Q7L2E3;DHX30;
ENSG00000174953;Q9H2U1;DHX36;
ENSG00000178372;Q9NZT1;CALML5;
ENSG00000067596;Q14562;DHX8;
ENSG00000125691;P62829;RPL23;
ENSG00000161011;Q13501;SQSTM1;
ENSG00000132153;Q7L2E3;DHX30;
ENSG00000011304;P26599;PTBP1;
ENSG00000115875;Q16629;SRSF7;
ENSG00000132275;O43159;RRP8;
ENSG00000011304;P26599;PTBP1;
ENSG00000132591;O75616;ERAL1;
ENSG00000166441;P46776;RPL27A;
ENSG00000153187;Q00839;HNRNPU;
ENSG00000118246;Q9NYY8;FASTKD2;
ENSG00000087269;P78316;NOP14;
ENSG00000185129;Q00577;PURA;
ENSG00000088930;Q9H0D6;XRN2;
ENSG00000066044;B4DVB8;ELAVL1;
ENSG00000136718;Q96G21;IMP4;
ENSG00000127804;Q86W50;METTL16;
ENSG00000185163;Q8N8A6;DDX51;
ENSG00000170027;P61981;YWHAG;
ENSG00000174444;P36578;RPL4;
ENSG00000143314;Q96A35;MRPL24;
ENSG00000214753;Q1KMD3;HNRNPUL2;
ENSG00000122299;Q8IWR0;ZC3H7A;
ENSG00000143183;J9JIE6;TMCO1;
ENSG00000135972;P82933;MRPS9;
ENSG00000070756;P11940;PABPC1;
ENSG00000143889;D6W592;HNRNPLL;
ENSG00000136770;Q96KC8;DNAJC1;
ENSG00000087077;Q15654;TRIP6;
ENSG00000107581;Q14152;EIF3A;
ENSG00000160862;P25311;AZGP1;
ENSG00000181222;P24928;POLR2A;
ENSG00000187772;Q6ZN17;LIN28B;
ENSG00000009307;G5E9Q2;CSDE1;
ENSG00000115368;Q8IWA0;WDR75;
ENSG00000048828;Q9NZB2;FAM120A;
ENSG00000141543;P38919;EIF4A3;
ENSG00000105323;Q9BUJ2;HNRNPUL1;
ENSG00000182872;P98175;RBM10;
ENSG00000197111;Q15366;PCBP2;
ENSG00000145050;P55145;MANF;
ENSG00000147604;P18124;RPL7;
ENSG00000114391;P83731;RPL24;
ENSG00000101361;O00567;NOP56;
ENSG00000115053;P19338;NCL;
ENSG00000114416;P51114;FXR1;
ENSG00000104897;Q15428;SF3A2;
ENSG00000089009;Q02878;RPL6;
ENSG00000130305;Q96P11;NSUN5;
ENSG00000183808;Q8IXT5;RBM12B;
ENSG00000183808;Q8IXT5;RBM12B;
ENSG00000100836;Q86U42;PABPN1;
ENSG00000122299;Q8IWR0;ZC3H7A;
ENSG00000135829;Q08211;DHX9;
ENSG00000143621;Q12905;ILF2;
ENSG00000166831;Q6ZRY4;RBPMS2;
ENSG00000116584;Q92974;ARHGEF2;
ENSG00000113742;Q17RY0;CPEB4;
ENSG00000107164;Q96I24;FUBP3;
ENSG00000136026;Q07065;CKAP4;
ENSG00000132275;O43159;RRP8;
ENSG00000048828;Q9NZB2;FAM120A;
ENSG00000107937;Q9BZE4;GTPBP4;
ENSG00000172660;Q92804;TAF15;
ENSG00000187735;P23193;TCEA1;
ENSG00000161057;P35998;PSMC2;
ENSG00000026025;P08670;VIM;
ENSG00000169564;Q15365;PCBP1;
ENSG00000138095;P42704;LRPPRC;
ENSG00000105321;Q9Y3X0;CCDC9;
ENSG00000125743;P62316;SNRPD2;
ENSG00000146109;Q9ULW3;ABT1;
ENSG00000060138;P16989;YBX3;
ENSG00000126945;P55795;HNRNPH2;
ENSG00000169045;P31943;HNRNPH1;
ENSG00000170144;P51991;HNRNPA3;
ENSG00000122566;P22626;HNRNPA2B1;
ENSG00000096746;P31942;HNRNPH3;
ENSG00000136450;J3KTL2;SRSF1;
ENSG00000114416;P51114;FXR1;
ENSG00000148773;P46013;MKI67;
ENSG00000143621;Q12905;ILF2;
ENSG00000166441;P46776;RPL27A;
ENSG00000048828;Q9NZB2;FAM120A;
ENSG00000138385;P05455;SSB;
ENSG00000117751;Q12972;PPP1R8;
ENSG00000123064;Q8TDD1;DDX54;
ENSG00000165732;Q9NR30;DDX21;
ENSG00000078018;P11137;MAP2;
ENSG00000071082;B7Z4C8;RPL31;
ENSG00000117877;O15446;CD3EAP;
ENSG00000134644;Q5T1Z8;PUM1;
ENSG00000125821;Q8TEA8;DTD1;
ENSG00000055917;Q8TB72;PUM2;
ENSG00000085733;Q14247;CTTN;
ENSG00000108064;Q00059;TFAM;
ENSG00000162613;B4DT31;FUBP1;
ENSG00000182985;Q9BY67;CADM1;
ENSG00000131711;P46821;MAP1B;
ENSG00000115677;Q00341;HDLBP;
ENSG00000156697;Q9BVJ6;UTP14A;
ENSG00000171490;O76021;RSL1D1;
ENSG00000142864;Q8NC51;SERBP1;
ENSG00000198826;Q6P4F7;ARHGAP11A;
ENSG00000204469;P48634;PRRC2A;
ENSG00000186416;O15226;NKRF;
ENSG00000117523;Q9Y520;PRRC2C;
ENSG00000168298;P10412;HIST1H1E;
ENSG00000099284;Q9P0M6;H2AFY2;
ENSG00000132359;Q684P5;RAP1GAP2;
ENSG00000115677;Q00341;HDLBP;
ENSG00000156508;P68104;EEF1A1;
ENSG00000088247;Q92945;KHSRP;
ENSG00000084463;Q9Y2W2;WBP11;
ENSG00000174444;P36578;RPL4;
ENSG00000078018;P11137;MAP2;
ENSG00000159217;Q9NZI8;IGF2BP1;
ENSG00000011260;Q9Y5J1;UTP18;
ENSG00000007080;Q96CT7;CCDC124;
ENSG00000179950;Q9UHX1;PUF60;
ENSG00000119953;O75940;SMNDC1;
ENSG00000130764;Q8N1G4;LRRC47;
ENSG00000005007;Q92900;UPF1;
ENSG00000066084;Q9P265;DIP2B;
ENSG00000242265;Q86TG7;PEG10;
ENSG00000142864;Q8NC51;SERBP1;
ENSG00000090621;Q13310;PABPC4;
ENSG00000009307;G5E9Q2;CSDE1;
ENSG00000023191;P13489;RNH1;
ENSG00000091527;Q9UKY7;CDV3;
ENSG00000175183;Q16527;CSRP2;
ENSG00000158290;Q13620;CUL4B;
ENSG00000136271;Q9NY93;DDX56;
ENSG00000155506;Q6PKG0;LARP1;
ENSG00000242265;Q86TG7;PEG10;
ENSG00000162851;Q9H5Q4;TFB2M;
ENSG00000136628;P07814;EPRS;
ENSG00000110367;P26196;DDX6;
ENSG00000022567;Q5BKX6;SLC45A4;
ENSG00000169045;P31943;HNRNPH1;
ENSG00000122085;Q7Z6M4;MTERFD2;
ENSG00000105939;Q7Z2W4;ZC3HAV1;
ENSG00000126945;P55795;HNRNPH2;
ENSG00000132300;Q96EY7;PTCD3;
ENSG00000182810;Q9NUL7;DDX28;
ENSG00000137776;Q9NWH9;SLTM;
ENSG00000163002;Q8NFH5;NUP35;
ENSG00000063046;P23588;EIF4B;
ENSG00000138385;P05455;SSB;
ENSG00000140988;P15880;RPS2;
ENSG00000006047;Q9Y2T7;YBX2;
ENSG00000071626;Q96EP5;DAZAP1;
ENSG00000141084;Q6VN20;RANBP10;
ENSG00000129083;P53618;COPB1;
ENSG00000104408;P60228;EIF3E;
ENSG00000119314;O95758;PTBP3;
ENSG00000198561;O60716;CTNND1;
ENSG00000151474;Q9P2Q2;FRMD4A;
ENSG00000215301;O00571;DDX3X;
ENSG00000107164;Q96I24;FUBP3;
ENSG00000011465;P07585;DCN;
ENSG00000162231;Q9UBU9;NXF1;
ENSG00000105939;Q7Z2W4;ZC3HAV1;
ENSG00000169509;Q9UGL9;CRCT1;
ENSG00000143147;Q8N6U8;GPR161;
ENSG00000134597;Q9Y388;RBMX2;
ENSG00000165733;Q14692;BMS1;
ENSG00000188549;Q6ZUT6;C15orf52;
ENSG00000187051;Q86WX3;RPS19BP1;
ENSG00000066777;Q9Y6D6;ARFGEF1;
ENSG00000083544;Q9H7E2;TDRD3;
ENSG00000176624;Q5U5Q3;MEX3C;
ENSG00000077380;Q13409;DYNC1I2;
ENSG00000129245;P51116;FXR2;
ENSG00000169813;P52597;HNRNPF;
ENSG00000116521;O14828;SCAMP3;
ENSG00000162775;Q96T37;RBM15;
ENSG00000167004;P30101;PDIA3;
ENSG00000165525;O60524;NEMF;
ENSG00000115306;Q01082;SPTBN1;
ENSG00000155506;Q6PKG0;LARP1;
ENSG00000103194;Q14694;USP10;
ENSG00000006744;Q9BQ52;ELAC2;
ENSG00000121486;Q7Z2T5;TRMT1L;
ENSG00000131051;Q14498;RBM39;
ENSG00000174705;A1X283;SH3PXD2B;
ENSG00000165119;P61978;HNRNPK;
ENSG00000065526;Q96T58;SPEN;
ENSG00000115677;Q00341;HDLBP;
ENSG00000137776;Q9NWH9;SLTM;
ENSG00000105447;Q9BQ67;GRWD1;
ENSG00000111275;P05091;ALDH2;
ENSG00000128989;P56211;ARPP19;
ENSG00000103342;P15170;GSPT1;
ENSG00000049883;Q8WV60;PTCD2;
ENSG00000115677;Q00341;HDLBP;
ENSG00000132463;Q12849;GRSF1;
ENSG00000041802;Q9H089;LSG1;
ENSG00000100722;Q6PJT7;ZC3H14;
ENSG00000136231;O00425;IGF2BP3;
ENSG00000122965;Q9Y4C8;RBM19;
ENSG00000163694;A0AV96;RBM47;
ENSG00000177192;Q9Y606;PUS1;
ENSG00000130119;Q9NVN8;GNL3L;
ENSG00000167005;O43809;NUDT21;
ENSG00000002549;P28838;LAP3;
ENSG00000063046;P23588;EIF4B;
ENSG00000086589;Q9NW64;RBM22;
ENSG00000083312;Q92973;TNPO1;
ENSG00000109606;O43143;DHX15;
ENSG00000157110;B4E3T4;RBPMS;
ENSG00000125944;O43390;HNRNPR;
ENSG00000021776;O60306;AQR;
ENSG00000141076;Q969X6;CIRH1A;
ENSG00000131368;P82663;MRPS25;
ENSG00000115053;P19338;NCL;
ENSG00000179041;Q15050;RRS1;
ENSG00000114473;Q9H095;IQCG;
ENSG00000167978;Q9UQ35;SRRM2;
ENSG00000167978;Q9UQ35;SRRM2;
ENSG00000104824;P14866;HNRNPL;
ENSG00000120963;Q9Y5V0;ZNF706;
ENSG00000167978;Q9UQ35;SRRM2;
ENSG00000160917;O95639;CPSF4;
ENSG00000096401;Q99459;CDC5L;
ENSG00000167978;Q9UQ35;SRRM2;
ENSG00000239306;Q96PK6;RBM14;
ENSG00000121552;P01040;CSTA;
ENSG00000120948;Q13148;TARDBP;
ENSG00000105373;Q9NZM5;GLTSCR2;
ENSG00000088247;Q92945;KHSRP;
ENSG00000108592;Q8IY81;FTSJ3;
ENSG00000174231;Q6P2Q9;PRPF8;
ENSG00000145425;P61247;RPS3A;
ENSG00000138326;P62847;RPS24;
ENSG00000130826;O60832;DKC1;
ENSG00000175573;Q9H3H3;C11orf68;
ENSG00000138326;P62847;RPS24;
ENSG00000106803;P60468;SEC61B;
ENSG00000100201;Q92841;DDX17;
ENSG00000115677;Q00341;HDLBP;
ENSG00000161526;Q9UHR5;SAP30BP;
ENSG00000197756;P61513;RPL37A;
ENSG00000023734;B4DNJ6;STRAP;
ENSG00000107164;Q96I24;FUBP3;
ENSG00000187145;P82921;MRPS21;
ENSG00000103194;Q14694;USP10;
ENSG00000138095;P42704;LRPPRC;
ENSG00000135250;P78362;SRPK2;
ENSG00000005007;Q92900;UPF1;
ENSG00000135829;Q08211;DHX9;
ENSG00000135316;O60506;SYNCRIP;
ENSG00000118246;Q9NYY8;FASTKD2;
ENSG00000136271;Q9NY93;DDX56;
ENSG00000117523;Q9Y520;PRRC2C;
ENSG00000100038;O95985;TOP3B;
ENSG00000167526;P26373;RPL13;
ENSG00000052749;Q5JTH9;RRP12;
ENSG00000132341;B5MDF5;RAN;
ENSG00000135778;Q5TDF0;NTPCR;
ENSG00000090621;Q13310;PABPC4;
ENSG00000109534;Q9NY12;GAR1;
ENSG00000124942;Q09666;AHNAK;
ENSG00000124942;Q09666;AHNAK;
ENSG00000113013;P38646;HSPA9;
ENSG00000138095;P42704;LRPPRC;
ENSG00000153944;Q96DH6;MSI2;
ENSG00000233927;P62857;RPS28;
ENSG00000117751;Q12972;PPP1R8;
ENSG00000173110;P17066;HSPA6;
ENSG00000147140;Q15233;NONO;
ENSG00000113742;Q17RY0;CPEB4;
ENSG00000186416;O15226;NKRF;
ENSG00000009307;G5E9Q2;CSDE1;
ENSG00000136270;Q969Z0;TBRG4;
ENSG00000124942;Q09666;AHNAK;
ENSG00000105364;Q9BYD3;MRPL4;
ENSG00000179950;Q9UHX1;PUF60;
ENSG00000078018;P11137;MAP2;
ENSG00000121274;Q8NDF8;PAPD5;
ENSG00000155363;Q9HCE1;MOV10;
ENSG00000155363;Q9HCE1;MOV10;
ENSG00000163220;P06702;S100A9;
ENSG00000138095;P42704;LRPPRC;
ENSG00000014641;P40925;MDH1;
ENSG00000124942;Q09666;AHNAK;
ENSG00000125970;Q9UKM9;RALY;
ENSG00000196943;Q86U38;NOP9;
ENSG00000127603;Q9UPN3;MACF1;
ENSG00000169710;P49327;FASN;
ENSG00000011304;P26599;PTBP1;
ENSG00000131018;Q8NF91;SYNE1;
ENSG00000129351;Q12906;ILF3;
ENSG00000131051;Q14498;RBM39;
ENSG00000100028;P62318;SNRPD3;
ENSG00000155363;Q9HCE1;MOV10;
ENSG00000100354;Q9UPQ9;TNRC6B;
ENSG00000104131;O75822;EIF3J;
ENSG00000136942;P42766;RPL35;
ENSG00000136270;Q969Z0;TBRG4;
ENSG00000111786;Q13242;SRSF9;
ENSG00000197102;Q14204;DYNC1H1;
ENSG00000167658;P13639;EEF2;
ENSG00000134744;Q5TAX3;ZCCHC11;
ENSG00000023191;P13489;RNH1;
ENSG00000132394;P57772;EEFSEC;
ENSG00000101444;P23526;AHCY;
ENSG00000163694;A0AV96;RBM47;
ENSG00000123064;Q8TDD1;DDX54;
ENSG00000088247;Q92945;KHSRP;
ENSG00000158941;Q8N163;KIAA1967;
ENSG00000158545;Q86VM9;ZC3H18;
ENSG00000166197;Q14978;NOLC1;
ENSG00000123064;Q8TDD1;DDX54;
ENSG00000099821;O00411;POLRMT;
ENSG00000105202;P22087;FBL;
ENSG00000143889;D6W592;HNRNPLL;
ENSG00000105447;Q9BQ67;GRWD1;
ENSG00000125944;O43390;HNRNPR;
ENSG00000143368;Q15427;SF3B4;
ENSG00000107223;O60869;EDF1;
ENSG00000158417;O60841;EIF5B;
ENSG00000241945;Q15269;PWP2;
ENSG00000139546;Q15633;TARBP2;
ENSG00000174374;Q96I51;WBSCR16;
ENSG00000180098;Q9NX07;TRNAU1AP;
ENSG00000109534;Q9NY12;GAR1;
ENSG00000140374;P13804;ETFA;
ENSG00000111642;Q14839;CHD4;
ENSG00000115368;Q8IWA0;WDR75;
ENSG00000122299;Q8IWR0;ZC3H7A;
ENSG00000108298;P84098;RPL19;
ENSG00000155636;Q8IUH3;RBM45;
ENSG00000138095;P42704;LRPPRC;
ENSG00000122026;P46778;RPL21;
ENSG00000172172;Q9BYD1;MRPL13;
ENSG00000132382;Q9BQG0;MYBBP1A;
ENSG00000179950;Q9UHX1;PUF60;
ENSG00000174173;Q7L0Y3;TRMT10C;
ENSG00000023191;P13489;RNH1;
ENSG00000115524;O75533;SF3B1;
ENSG00000067596;Q14562;DHX8;
ENSG00000071859;Q14320;FAM50A;
ENSG00000143621;Q12905;ILF2;
ENSG00000138095;P42704;LRPPRC;
ENSG00000164346;O95478;NSA2;
ENSG00000131013;Q8WUA2;PPIL4;
ENSG00000100284;O60784;TOM1;
ENSG00000005007;Q92900;UPF1;
ENSG00000135297;Q9Y2Z2;MTO1;
ENSG00000138095;P42704;LRPPRC;
ENSG00000132819;Q9H0Z9;RBM38;
ENSG00000112183;Q9BX46;RBM24;
ENSG00000132153;Q7L2E3;DHX30;
ENSG00000116560;P23246;SFPQ;
ENSG00000125944;O43390;HNRNPR;
ENSG00000170144;P51991;HNRNPA3;
ENSG00000134644;Q5T1Z8;PUM1;
ENSG00000188529;O75494;SRSF10;
ENSG00000137815;Q92541;RTF1;
ENSG00000167004;P30101;PDIA3;
ENSG00000096746;P31942;HNRNPH3;
ENSG00000115368;Q8IWA0;WDR75;
ENSG00000031698;P49591;SARS;
ENSG00000172809;P63173;RPL38;
ENSG00000048828;Q9NZB2;FAM120A;
ENSG00000008294;O60271;SPAG9;
ENSG00000129245;P51116;FXR2;
ENSG00000187955;Q05707;COL14A1;
ENSG00000123352;Q86XZ4;SPATS2;
ENSG00000163214;Q6P158;DHX57;
ENSG00000166181;Q9BZZ5;API5;
ENSG00000075420;Q53EP0;FNDC3B;
ENSG00000169045;P31943;HNRNPH1;
ENSG00000089220;P30086;PEBP1;
ENSG00000204628;P63244;GNB2L1;
ENSG00000142207;O60287;URB1;
ENSG00000155506;Q6PKG0;LARP1;
ENSG00000116001;P31483;TIA1;
ENSG00000089280;P35637;FUS;
ENSG00000167085;P35232;PHB;
ENSG00000149187;G5EA30;CELF1;
ENSG00000114867;Q04637;EIF4G1;
ENSG00000065534;Q15746;MYLK;
ENSG00000152601;Q9NR56;MBNL1;
ENSG00000040341;Q9NUL3;STAU2;
ENSG00000182944;Q01844;EWSR1;
ENSG00000225921;Q9UMY1;NOL7;
ENSG00000099783;P52272;HNRNPM;
ENSG00000149925;J3KPS3;ALDOA;
ENSG00000185651;P68036;UBE2L3;
ENSG00000125844;Q9P2E9;RRBP1;
ENSG00000158941;Q8N163;KIAA1967;
ENSG00000155130;P29966;MARCKS;
ENSG00000187051;Q86WX3;RPS19BP1;
ENSG00000196924;P21333;FLNA;
ENSG00000183808;Q8IXT5;RBM12B;
ENSG00000169057;P51608;MECP2;
ENSG00000138095;P42704;LRPPRC;
ENSG00000181610;Q9Y3D9;MRPS23;
ENSG00000196924;P21333;FLNA;
ENSG00000120438;P17987;TCP1;
ENSG00000099783;P52272;HNRNPM;
ENSG00000100316;P39023;RPL3;
ENSG00000178372;Q9NZT1;CALML5;
ENSG00000135316;O60506;SYNCRIP;
ENSG00000135316;O60506;SYNCRIP;
ENSG00000106261;P17029;ZKSCAN1;
ENSG00000140988;P15880;RPS2;
ENSG00000137076;Q9Y490;TLN1;
ENSG00000147140;Q15233;NONO;
ENSG00000040341;Q9NUL3;STAU2;
ENSG00000135372;Q9H0A0;NAT10;
ENSG00000117519;Q15417;CNN3;
ENSG00000132382;Q9BQG0;MYBBP1A;
ENSG00000092621;O43175;PHGDH;
ENSG00000122965;Q9Y4C8;RBM19;
ENSG00000107651;Q9Y6Y8;SEC23IP;
ENSG00000136231;O00425;IGF2BP3;
ENSG00000127603;Q9UPN3;MACF1;
ENSG00000148719;J3KPS0;DNAJB12;
ENSG00000100902;P60900;PSMA6;
ENSG00000114391;P83731;RPL24;
ENSG00000197111;Q15366;PCBP2;
ENSG00000130826;O60832;DKC1;
ENSG00000184357;P16401;HIST1H1B;
ENSG00000137076;Q9Y490;TLN1;
ENSG00000127481;Q5T4S7;UBR4;
ENSG00000115866;P14868;DARS;
ENSG00000181610;Q9Y3D9;MRPS23;
ENSG00000055917;Q8TB72;PUM2;
ENSG00000148300;Q9GZR2;REXO4;
ENSG00000196924;P21333;FLNA;
ENSG00000147065;P26038;MSN;
ENSG00000184897;Q92522;H1FX;
ENSG00000239306;Q96PK6;RBM14;
ENSG00000149187;G5EA30;CELF1;
ENSG00000178105;Q13206;DDX10;
ENSG00000244509;Q9NRW3;APOBEC3C;
ENSG00000196924;P21333;FLNA;
ENSG00000122965;Q9Y4C8;RBM19;
ENSG00000115677;Q00341;HDLBP;
ENSG00000116288;Q99497;PARK7;
ENSG00000153250;B4DN88;RBMS1;
ENSG00000173744;P52594;AGFG1;
ENSG00000099995;Q15459;SF3A1;
ENSG00000132275;O43159;RRP8;
ENSG00000148773;P46013;MKI67;
ENSG00000021826;P31327;CPS1;
ENSG00000076554;P55327;TPD52;
ENSG00000084774;P27708;CAD;
ENSG00000084774;P27708;CAD;
ENSG00000165097;Q8NB78;KDM1B;
ENSG00000136021;Q6P3W7;SCYL2;
ENSG00000111144;P09960;LTA4H;
ENSG00000113013;P38646;HSPA9;
ENSG00000143924;Q9HC35;EML4;
ENSG00000187778;Q96EZ8;MCRS1;
ENSG00000040341;Q9NUL3;STAU2;
ENSG00000111907;Q16890;TPD52L1;
ENSG00000116584;Q92974;ARHGEF2;
ENSG00000140988;P15880;RPS2;
ENSG00000184357;P16401;HIST1H1B;
ENSG00000135624;Q99832;CCT7;
ENSG00000009307;G5E9Q2;CSDE1;
ENSG00000149532;Q8N684;CPSF7;
ENSG00000069275;Q9H1E3;NUCKS1;
ENSG00000004455;P54819;AK2;
ENSG00000128245;Q04917;YWHAH;
ENSG00000134308;P27348;YWHAQ;
ENSG00000179950;Q9UHX1;PUF60;
ENSG00000196924;P21333;FLNA;
ENSG00000100138;P55769;NHP2L1;
ENSG00000114391;P83731;RPL24;
ENSG00000147140;Q15233;NONO;
ENSG00000197958;P30050;RPL12;
ENSG00000100722;Q6PJT7;ZC3H14;
ENSG00000139168;Q8TBF4;ZCRB1;
ENSG00000169714;P62633;CNBP;
ENSG00000151923;Q01085;TIAL1;
ENSG00000152795;O14979;HNRNPDL;
ENSG00000115677;Q00341;HDLBP;
ENSG00000138095;P42704;LRPPRC;
ENSG00000136231;O00425;IGF2BP3;
ENSG00000100294;Q8IVS2;MCAT;
ENSG00000149273;P23396;RPS3;
ENSG00000117569;B4DSS8;PTBP2;
ENSG00000119314;O95758;PTBP3;
ENSG00000135829;Q08211;DHX9;
ENSG00000009307;G5E9Q2;CSDE1;
ENSG00000136450;J3KTL2;SRSF1;
ENSG00000124942;Q09666;AHNAK;
ENSG00000177613;Q9H0L4;CSTF2T;
ENSG00000161016;P62917;RPL8;
ENSG00000197102;Q14204;DYNC1H1;
ENSG00000066044;B4DVB8;ELAVL1;
ENSG00000105372;P39019;RPS19;
ENSG00000167658;P13639;EEF2;
ENSG00000197694;Q13813;SPTAN1;
ENSG00000136527;P62995;TRA2B;
ENSG00000197694;Q13813;SPTAN1;
ENSG00000165526;Q96CM3;RPUSD4;
ENSG00000009307;G5E9Q2;CSDE1;
ENSG00000254772;B4DTG2;EEF1G;
ENSG00000180370;Q13177;PAK2;
ENSG00000168439;G3XAD8;STIP1;
ENSG00000146834;Q7L2J0;MEPCE;
ENSG00000136628;P07814;EPRS;
ENSG00000009307;G5E9Q2;CSDE1;
ENSG00000009307;G5E9Q2;CSDE1;
ENSG00000174780;O76094;SRP72;
ENSG00000144381;P10809;HSPD1;
ENSG00000071626;Q96EP5;DAZAP1;
ENSG00000196419;P12956;XRCC6;
ENSG00000106460;Q9NUM4;TMEM106B;
ENSG00000197157;Q7KZF4;SND1;
ENSG00000106344;Q9NW13;RBM28;
ENSG00000133392;P35749;MYH11;
ENSG00000139233;Q9BRT6;LLPH;
ENSG00000139233;Q9BRT6;LLPH;
ENSG00000155438;Q9BYG3;MKI67IP;
ENSG00000145425;P61247;RPS3A;
ENSG00000135316;O60506;SYNCRIP;
ENSG00000125944;O43390;HNRNPR;
ENSG00000011304;P26599;PTBP1;
ENSG00000138095;P42704;LRPPRC;
ENSG00000108953;P62258;YWHAE;
ENSG00000185624;P07237;P4HB;
ENSG00000134809;P62072;TIMM10;
ENSG00000009307;G5E9Q2;CSDE1;
ENSG00000129083;P53618;COPB1;
ENSG00000160710;P55265;ADAR;
ENSG00000136197;Q9BPX7;C7orf25;
ENSG00000118200;Q08AD1;CAMSAP2;
ENSG00000106682;Q15056;EIF4H;
ENSG00000122965;Q9Y4C8;RBM19;
ENSG00000167004;P30101;PDIA3;
ENSG00000196943;Q86U38;NOP9;
ENSG00000108256;Q7Z417;NUFIP2;
ENSG00000138095;P42704;LRPPRC;
ENSG00000110104;Q9H6F5;CCDC86;
ENSG00000142864;Q8NC51;SERBP1;
ENSG00000142864;Q8NC51;SERBP1;
ENSG00000165732;Q9NR30;DDX21;
ENSG00000173145;Q8WTT2;NOC3L;
ENSG00000144867;Q9Y5M8;SRPRB;
ENSG00000138757;Q9UN86;G3BP2;
ENSG00000120948;Q13148;TARDBP;
ENSG00000172660;Q92804;TAF15;
ENSG00000151846;Q9H361;PABPC3;
ENSG00000089280;P35637;FUS;
ENSG00000119711;Q02252;ALDH6A1;
ENSG00000143420;O43768;ENSA;
ENSG00000117569;B4DSS8;PTBP2;
ENSG00000116288;Q99497;PARK7;
ENSG00000011304;P26599;PTBP1;
ENSG00000169727;Q13098;GPS1;
ENSG00000119705;Q9GZT3;SLIRP;
ENSG00000096746;P31942;HNRNPH3;
ENSG00000009307;G5E9Q2;CSDE1;
ENSG00000115866;P14868;DARS;
ENSG00000122026;P46778;RPL21;
ENSG00000138095;P42704;LRPPRC;
ENSG00000082516;Q8TEQ6;GEMIN5;
ENSG00000108829;Q96AG4;LRRC59;
ENSG00000092201;Q9Y5B9;SUPT16H;
ENSG00000019144;Q86UU1;PHLDB1;
ENSG00000105372;P39019;RPS19;
ENSG00000123352;Q86XZ4;SPATS2;
ENSG00000152234;P25705;ATP5A1;
ENSG00000170004;Q12873;CHD3;
ENSG00000068784;Q8N5C6;SRBD1;
ENSG00000117360;O43395;PRPF3;
ENSG00000111641;P46087;NOP2;
ENSG00000103194;Q14694;USP10;
ENSG00000065548;Q8WU90;ZC3H15;
ENSG00000136270;Q969Z0;TBRG4;
ENSG00000165119;P61978;HNRNPK;
ENSG00000150459;O00422;SAP18;
ENSG00000137876;Q9UHA3;RSL24D1;
ENSG00000142207;O60287;URB1;
ENSG00000086061;P31689;DNAJA1;
ENSG00000170448;Q6ZNB6;NFXL1;
ENSG00000107651;Q9Y6Y8;SEC23IP;
ENSG00000009307;G5E9Q2;CSDE1;
ENSG00000162613;B4DT31;FUBP1;
ENSG00000125743;P62316;SNRPD2;
ENSG00000119314;O95758;PTBP3;
ENSG00000107625;Q9BQ39;DDX50;
ENSG00000085733;Q14247;CTTN;
ENSG00000088205;Q9NVP1;DDX18;
ENSG00000135316;O60506;SYNCRIP;
ENSG00000265681;P18621;RPL17;
ENSG00000204469;P48634;PRRC2A;
ENSG00000165283;Q9UJZ1;STOML2;
ENSG00000165280;P55072;VCP;
ENSG00000137074;Q7Z2E3;APTX;
ENSG00000117632;P16949;STMN1;
ENSG00000115053;P19338;NCL;
ENSG00000168439;G3XAD8;STIP1;
ENSG00000176788;P80723;BASP1;
ENSG00000125844;Q9P2E9;RRBP1;
ENSG00000035403;P18206;VCL;
ENSG00000147649;Q86UE4;MTDH;
ENSG00000095139;B0YIW6;ARCN1;
ENSG00000099783;P52272;HNRNPM;
ENSG00000174173;Q7L0Y3;TRMT10C;
ENSG00000068784;Q8N5C6;SRBD1;
ENSG00000077312;P09012;SNRPA;
ENSG00000197451;Q99729;HNRNPAB;
ENSG00000100380;P50502;ST13;
ENSG00000152795;O14979;HNRNPDL;
ENSG00000147140;Q15233;NONO;
ENSG00000132382;Q9BQG0;MYBBP1A;
ENSG00000183808;Q8IXT5;RBM12B;
ENSG00000160208;Q14684;RRP1B;
ENSG00000142634;Q96C19;EFHD2;
ENSG00000055917;Q8TB72;PUM2;
ENSG00000185129;Q00577;PURA;
ENSG00000124193;Q13247;SRSF6;
ENSG00000138668;Q14103;HNRNPD;
ENSG00000081154;Q8WW12;PCNP;
ENSG00000113742;Q17RY0;CPEB4;
ENSG00000011007;Q14241;TCEB3;
ENSG00000071626;Q96EP5;DAZAP1;
ENSG00000102081;Q06787;FMR1;
ENSG00000089048;Q9H501;ESF1;
ENSG00000060237;Q9H4A3;WNK1;
ENSG00000108064;Q00059;TFAM;
ENSG00000155363;Q9HCE1;MOV10;
ENSG00000115364;P49406;MRPL19;
ENSG00000084463;Q9Y2W2;WBP11;
ENSG00000099783;P52272;HNRNPM;
ENSG00000198242;A8MUS3;RPL23A;
ENSG00000169288;Q9BYD6;MRPL1;
ENSG00000181991;P82912;MRPS11;
ENSG00000090621;Q13310;PABPC4;
ENSG00000180098;Q9NX07;TRNAU1AP;
ENSG00000136231;O00425;IGF2BP3;
ENSG00000174100;Q9BRJ2;MRPL45;
ENSG00000142207;O60287;URB1;
ENSG00000149273;P23396;RPS3;
ENSG00000149273;P23396;RPS3;
ENSG00000100664;P55010;EIF5;
ENSG00000112578;Q13895;BYSL;
ENSG00000148843;Q14690;PDCD11;
ENSG00000143546;P05109;S100A8;
ENSG00000144381;P10809;HSPD1;
ENSG00000151461;Q9HAU5;UPF2;
ENSG00000015479;P43243;MATR3;
ENSG00000141551;P48730;CSNK1D;
ENSG00000117519;Q15417;CNN3;
ENSG00000143256;Q9UHV9;PFDN2;
ENSG00000106344;Q9NW13;RBM28;
ENSG00000149273;P23396;RPS3;
ENSG00000063177;Q07020;RPL18;
ENSG00000140988;P15880;RPS2;
ENSG00000165280;P55072;VCP;
ENSG00000204469;P48634;PRRC2A;
ENSG00000005007;Q92900;UPF1;
ENSG00000107164;Q96I24;FUBP3;
ENSG00000189403;P09429;HMGB1;
ENSG00000009307;G5E9Q2;CSDE1;
ENSG00000161547;Q01130;SRSF2;
ENSG00000136527;P62995;TRA2B;
ENSG00000164548;Q13595;TRA2A;
ENSG00000048828;Q9NZB2;FAM120A;
ENSG00000100836;Q86U42;PABPN1;
ENSG00000100836;Q86U42;PABPN1;
ENSG00000071626;Q96EP5;DAZAP1;
ENSG00000090621;Q13310;PABPC4;
ENSG00000153944;Q96DH6;MSI2;
ENSG00000122566;P22626;HNRNPA2B1;
ENSG00000153944;Q96DH6;MSI2;
ENSG00000099622;D6W5Y5;CIRBP;
ENSG00000122566;P22626;HNRNPA2B1;
ENSG00000135486;P09651;HNRNPA1;
ENSG00000132382;Q9BQG0;MYBBP1A;
ENSG00000138095;P42704;LRPPRC;
ENSG00000115866;P14868;DARS;
ENSG00000197451;Q99729;HNRNPAB;
ENSG00000143375;Q9P2M7;CGN;
ENSG00000223496;Q5RKV6;EXOSC6;
ENSG00000096401;Q99459;CDC5L;
ENSG00000142864;Q8NC51;SERBP1;
ENSG00000106554;Q9NX63;CHCHD3;
ENSG00000089157;P05388;RPLP0;
ENSG00000100354;Q9UPQ9;TNRC6B;
ENSG00000110801;O00233;PSMD9;
ENSG00000149925;J3KPS3;ALDOA;
ENSG00000113387;P53999;SUB1;
ENSG00000120948;Q13148;TARDBP;
ENSG00000161016;P62917;RPL8;
ENSG00000149273;P23396;RPS3;
ENSG00000159176;P21291;CSRP1;
ENSG00000168807;Q13425;SNTB2;
ENSG00000131876;P09661;SNRPA1;
ENSG00000153250;B4DN88;RBMS1;
ENSG00000110700;P62277;RPS13;
ENSG00000110700;P62277;RPS13;
ENSG00000153048;Q9Y2V2;CARHSP1;
ENSG00000158545;Q86VM9;ZC3H18;
ENSG00000121057;Q92667;AKAP1;
ENSG00000162613;B4DT31;FUBP1;
ENSG00000162775;Q96T37;RBM15;
ENSG00000134644;Q5T1Z8;PUM1;
ENSG00000055917;Q8TB72;PUM2;
ENSG00000033327;Q9UQC2;GAB2;
ENSG00000197892;Q9NQT8;KIF13B;
ENSG00000108592;Q8IY81;FTSJ3;
ENSG00000162613;B4DT31;FUBP1;
ENSG00000164163;P61221;ABCE1;
ENSG00000178952;P49411;TUFM;
ENSG00000122026;P46778;RPL21;
ENSG00000139168;Q8TBF4;ZCRB1;
ENSG00000161960;P60842;EIF4A1;
ENSG00000096401;Q99459;CDC5L;
ENSG00000138768;O60763;USO1;
ENSG00000111641;P46087;NOP2;
ENSG00000160633;Q15424;SAFB;
ENSG00000109107;P09972;ALDOC;
ENSG00000115053;P19338;NCL;
ENSG00000125944;O43390;HNRNPR;
ENSG00000125970;Q9UKM9;RALY;
ENSG00000135316;O60506;SYNCRIP;
ENSG00000179950;Q9UHX1;PUF60;
ENSG00000152234;P25705;ATP5A1;
ENSG00000146701;P40926;MDH2;
ENSG00000055044;Q9Y2X3;NOP58;
ENSG00000147649;Q86UE4;MTDH;
ENSG00000188739;P42696;RBM34;
ENSG00000106348;P20839;IMPDH1;
ENSG00000138095;P42704;LRPPRC;
ENSG00000129351;Q12906;ILF3;
ENSG00000111786;Q13242;SRSF9;
ENSG00000172172;Q9BYD1;MRPL13;
ENSG00000113282;Q14677;CLINT1;
ENSG00000090621;Q13310;PABPC4;
ENSG00000125944;O43390;HNRNPR;
ENSG00000174780;O76094;SRP72;
ENSG00000196914;Q9NZN5;ARHGEF12;
ENSG00000144713;P62910;RPL32;
ENSG00000122873;Q9NZ45;CISD1;
ENSG00000164104;P26583;HMGB2;
ENSG00000197958;P30050;RPL12;
ENSG00000119812;Q8NCA5;FAM98A;
ENSG00000109606;O43143;DHX15;
ENSG00000138668;Q14103;HNRNPD;
ENSG00000169813;P52597;HNRNPF;
ENSG00000149591;Q01995;TAGLN;
ENSG00000151224;Q00266;MAT1A;
ENSG00000101361;O00567;NOP56;
ENSG00000163468;P49368;CCT3;
ENSG00000143569;Q14157;UBAP2L;
ENSG00000164587;P62263;RPS14;
ENSG00000164587;P62263;RPS14;
ENSG00000123453;Q9UL12;SARDH;
ENSG00000121579;Q9GZZ1;NAA50;
ENSG00000136231;O00425;IGF2BP3;
ENSG00000121579;Q9GZZ1;NAA50;
ENSG00000166794;P23284;PPIB;
ENSG00000168807;Q13425;SNTB2;
ENSG00000071626;Q96EP5;DAZAP1;
ENSG00000153944;Q96DH6;MSI2;
ENSG00000138668;Q14103;HNRNPD;
ENSG00000138668;Q14103;HNRNPD;
ENSG00000239306;Q96PK6;RBM14;
ENSG00000131051;Q14498;RBM39;
ENSG00000100316;P39023;RPL3;
ENSG00000164587;P62263;RPS14;
ENSG00000163931;P29401;TKT;
ENSG00000090621;Q13310;PABPC4;
ENSG00000159217;Q9NZI8;IGF2BP1;
ENSG00000124207;P55060;CSE1L;
ENSG00000088247;Q92945;KHSRP;
ENSG00000148943;Q9NUP9;LIN7C;
ENSG00000165119;P61978;HNRNPK;
ENSG00000197111;Q15366;PCBP2;
ENSG00000169564;Q15365;PCBP1;
ENSG00000158417;O60841;EIF5B;
ENSG00000164104;P26583;HMGB2;
ENSG00000165733;Q14692;BMS1;
ENSG00000145050;P55145;MANF;
ENSG00000177600;P05387;RPLP2;
ENSG00000166226;P78371;CCT2;
ENSG00000181222;P24928;POLR2A;
ENSG00000092621;O43175;PHGDH;
ENSG00000004534;P78332;RBM6;
ENSG00000130935;Q9H8H0;NOL11;
ENSG00000187145;P82921;MRPS21;
ENSG00000167699;Q9HC38;GLOD4;
ENSG00000107105;Q12926;ELAVL2;
ENSG00000145050;P55145;MANF;
ENSG00000138668;Q14103;HNRNPD;
ENSG00000155363;Q9HCE1;MOV10;
ENSG00000168488;Q8WWM7;ATXN2L;
ENSG00000125691;P62829;RPL23;
ENSG00000124942;Q09666;AHNAK;
ENSG00000138095;P42704;LRPPRC;
ENSG00000174374;Q96I51;WBSCR16;
ENSG00000142937;P62241;RPS8;
ENSG00000140319;P37108;SRP14;
ENSG00000159217;Q9NZI8;IGF2BP1;
ENSG00000169813;P52597;HNRNPF;
ENSG00000136231;O00425;IGF2BP3;
ENSG00000114867;Q04637;EIF4G1;
ENSG00000140575;P46940;IQGAP1;
ENSG00000104131;O75822;EIF3J;
ENSG00000116251;P35268;RPL22;
ENSG00000116251;P35268;RPL22;
ENSG00000111716;P07195;LDHB;
ENSG00000133392;P35749;MYH11;
ENSG00000185651;P68036;UBE2L3;
ENSG00000136450;J3KTL2;SRSF1;
ENSG00000149187;G5EA30;CELF1;
ENSG00000125844;Q9P2E9;RRBP1;
ENSG00000169057;P51608;MECP2;
ENSG00000184357;P16401;HIST1H1B;
ENSG00000153187;Q00839;HNRNPU;
ENSG00000152795;O14979;HNRNPDL;
ENSG00000142864;Q8NC51;SERBP1;
ENSG00000090621;Q13310;PABPC4;
ENSG00000071626;Q96EP5;DAZAP1;
ENSG00000137154;P62753;RPS6;
ENSG00000138796;Q16836;HADH;
ENSG00000153944;Q96DH6;MSI2;
ENSG00000145050;P55145;MANF;
ENSG00000136231;O00425;IGF2BP3;
ENSG00000044574;P11021;HSPA5;
ENSG00000108298;P84098;RPL19;
ENSG00000029993;O15347;HMGB3;
ENSG00000142864;Q8NC51;SERBP1;
ENSG00000173145;Q8WTT2;NOC3L;
ENSG00000132780;P49321;NASP;
ENSG00000136770;Q96KC8;DNAJC1;
ENSG00000115677;Q00341;HDLBP;
ENSG00000187735;P23193;TCEA1;
ENSG00000130255;Q9Y3U8;RPL36;
ENSG00000148773;P46013;MKI67;
ENSG00000106244;Q13442;PDAP1;
ENSG00000145425;P61247;RPS3A;
ENSG00000135316;O60506;SYNCRIP;
ENSG00000145741;P20290;BTF3;
ENSG00000163902;P04843;RPN1;
ENSG00000143924;Q9HC35;EML4;
ENSG00000107937;Q9BZE4;GTPBP4;
ENSG00000132024;Q6P1N0;CC2D1A;
ENSG00000138095;P42704;LRPPRC;
ENSG00000117592;P30041;PRDX6;
ENSG00000157326;Q9BTZ2;DHRS4;
ENSG00000162244;P47914;RPL29;
ENSG00000125944;O43390;HNRNPR;
ENSG00000104824;P14866;HNRNPL;
ENSG00000143889;D6W592;HNRNPLL;
ENSG00000138095;P42704;LRPPRC;
ENSG00000162231;Q9UBU9;NXF1;
ENSG00000135316;O60506;SYNCRIP;
ENSG00000198242;A8MUS3;RPL23A;
ENSG00000138668;Q14103;HNRNPD;
ENSG00000113648;O75367;H2AFY;
ENSG00000115053;P19338;NCL;
ENSG00000107581;Q14152;EIF3A;
ENSG00000188976;Q9Y3T9;NOC2L;
ENSG00000177733;Q13151;HNRNPA0;
ENSG00000170144;P51991;HNRNPA3;
ENSG00000122566;P22626;HNRNPA2B1;
ENSG00000149187;G5EA30;CELF1;
ENSG00000181610;Q9Y3D9;MRPS23;
ENSG00000071626;Q96EP5;DAZAP1;
ENSG00000116560;P23246;SFPQ;
ENSG00000147140;Q15233;NONO;
ENSG00000121390;Q8WXF1;PSPC1;
ENSG00000189403;P09429;HMGB1;
ENSG00000112306;P25398;RPS12;
ENSG00000163220;P06702;S100A9;
ENSG00000104408;P60228;EIF3E;
ENSG00000179950;Q9UHX1;PUF60;
ENSG00000196419;P12956;XRCC6;
ENSG00000198492;Q9Y5A9;YTHDF2;
ENSG00000119878;Q9P021;CRIPT;
ENSG00000173933;Q9BWF3;RBM4;
ENSG00000055044;Q9Y2X3;NOP58;
ENSG00000101361;O00567;NOP56;
ENSG00000163110;Q96HC4;PDLIM5;
ENSG00000078018;P11137;MAP2;
ENSG00000170606;P34932;HSPA4;
ENSG00000197535;Q9Y4I1;MYO5A;
ENSG00000172809;P63173;RPL38;
ENSG00000120802;P42166;TMPO;
ENSG00000108298;P84098;RPL19;
ENSG00000108298;P84098;RPL19;
ENSG00000100294;Q8IVS2;MCAT;
ENSG00000125445;Q9Y2R9;MRPS7;
ENSG00000153187;Q00839;HNRNPU;
ENSG00000153187;Q00839;HNRNPU;
ENSG00000124193;Q13247;SRSF6;
ENSG00000163938;Q9BVP2;GNL3;
ENSG00000163694;A0AV96;RBM47;
ENSG00000165733;Q14692;BMS1;
ENSG00000168036;P35222;CTNNB1;
ENSG00000171490;O76021;RSL1D1;
ENSG00000158417;O60841;EIF5B;
ENSG00000136231;O00425;IGF2BP3;
ENSG00000159217;Q9NZI8;IGF2BP1;
ENSG00000143368;Q15427;SF3B4;
ENSG00000135316;O60506;SYNCRIP;
ENSG00000100650;Q13243;SRSF5;
ENSG00000159217;Q9NZI8;IGF2BP1;
ENSG00000116754;Q05519;SRSF11;
ENSG00000118181;P62851;RPS25;
ENSG00000161960;P60842;EIF4A1;
ENSG00000100888;Q9HCK8;CHD8;
ENSG00000145907;Q13283;G3BP1;
ENSG00000105401;Q16543;CDC37;
ENSG00000163931;P29401;TKT;
ENSG00000149925;J3KPS3;ALDOA;
ENSG00000115677;Q00341;HDLBP;
ENSG00000125651;P35269;GTF2F1;
ENSG00000170473;Q9BRP8;WIBG;
ENSG00000165209;Q96SI9;STRBP;
ENSG00000138073;Q9HCU5;PREB;
ENSG00000175866;Q9UQB8;BAIAP2;
ENSG00000182718;P07355;ANXA2;
ENSG00000163214;Q6P158;DHX57;
ENSG00000095637;Q9BX66;SORBS1;
ENSG00000165732;Q9NR30;DDX21;
ENSG00000165494;O94913;PCF11;
ENSG00000115677;Q00341;HDLBP;
ENSG00000144029;P82675;MRPS5;
ENSG00000167323;Q13586;STIM1;
ENSG00000174231;Q6P2Q9;PRPF8;
ENSG00000142937;P62241;RPS8;
ENSG00000166889;Q86TB9;PATL1;
ENSG00000188846;P50914;RPL14;
ENSG00000079308;Q9HBL0;TNS1;
ENSG00000149591;Q01995;TAGLN;
ENSG00000149591;Q01995;TAGLN;
ENSG00000117450;Q06830;PRDX1;
ENSG00000156502;Q8IYB8;SUPV3L1;
ENSG00000089220;P30086;PEBP1;
ENSG00000159217;Q9NZI8;IGF2BP1;
ENSG00000089220;P30086;PEBP1;
ENSG00000063244;P26368;U2AF2;
ENSG00000165795;Q9UN36;NDRG2;
ENSG00000100722;Q6PJT7;ZC3H14;
ENSG00000113013;P38646;HSPA9;
ENSG00000152795;O14979;HNRNPDL;
ENSG00000138668;Q14103;HNRNPD;
ENSG00000138668;Q14103;HNRNPD;
ENSG00000153944;Q96DH6;MSI2;
ENSG00000149187;G5EA30;CELF1;
ENSG00000135269;Q9UGI8;TES;
ENSG00000075239;P24752;ACAT1;
ENSG00000174903;Q9H0U4;RAB1B;
ENSG00000092199;P07910;HNRNPC;
ENSG00000179172;O60812;HNRNPCL1;
ENSG00000134644;Q5T1Z8;PUM1;
ENSG00000114867;Q04637;EIF4G1;
ENSG00000091009;Q9P2N5;RBM27;
ENSG00000113013;P38646;HSPA9;
ENSG00000169813;P52597;HNRNPF;
ENSG00000122965;Q9Y4C8;RBM19;
ENSG00000066279;Q8IZT6;ASPM;
ENSG00000149187;G5EA30;CELF1;
ENSG00000125166;P00505;GOT2;
ENSG00000064933;P54277;PMS1;
ENSG00000181163;P06748;NPM1;
ENSG00000181163;P06748;NPM1;
ENSG00000145012;Q93052;LPP;
ENSG00000162613;B4DT31;FUBP1;
ENSG00000187735;P23193;TCEA1;
ENSG00000179604;Q9H3Q1;CDC42EP4;
ENSG00000140332;Q04726;TLE3;
ENSG00000104824;P14866;HNRNPL;
ENSG00000090621;Q13310;PABPC4;
ENSG00000160633;Q15424;SAFB;
ENSG00000153187;Q00839;HNRNPU;
ENSG00000124193;Q13247;SRSF6;
ENSG00000107581;Q14152;EIF3A;
ENSG00000103194;Q14694;USP10;
ENSG00000142534;P62280;RPS11;
ENSG00000130176;P51911;CNN1;
ENSG00000197498;Q9H7B2;RPF2;
ENSG00000108107;P46779;RPL28;
ENSG00000143368;Q15427;SF3B4;
ENSG00000119314;O95758;PTBP3;
ENSG00000166598;P14625;HSP90B1;
ENSG00000145907;Q13283;G3BP1;
ENSG00000253729;P78527;PRKDC;
ENSG00000244509;Q9NRW3;APOBEC3C;
ENSG00000100353;O15371;EIF3D;
ENSG00000106591;Q9BYC8;MRPL32;
ENSG00000125743;P62316;SNRPD2;
ENSG00000086189;Q9UNQ2;DIMT1;
ENSG00000142864;Q8NC51;SERBP1;
ENSG00000142864;Q8NC51;SERBP1;
ENSG00000104824;P14866;HNRNPL;
ENSG00000048828;Q9NZB2;FAM120A;
ENSG00000011304;P26599;PTBP1;
ENSG00000153187;Q00839;HNRNPU;
ENSG00000089220;P30086;PEBP1;
ENSG00000134684;P54577;YARS;
ENSG00000204576;P79522;PRR3;
ENSG00000180329;Q86WV7;CCDC43;
ENSG00000122965;Q9Y4C8;RBM19;
ENSG00000174444;P36578;RPL4;
ENSG00000141905;P08651;NFIC;
ENSG00000088992;J3KPN1;TESC;
ENSG00000213339;Q9BXR0;QTRT1;
ENSG00000213949;P56199;ITGA1;
ENSG00000008128;Q9UQ88;CDK11A;
ENSG00000086504;Q13084;MRPL28;
ENSG00000175792;Q9Y265;RUVBL1;
ENSG00000120438;P17987;TCP1;
ENSG00000136231;O00425;IGF2BP3;
ENSG00000170759;P33176;KIF5B;
ENSG00000198561;O60716;CTNND1;
ENSG00000009307;G5E9Q2;CSDE1;
ENSG00000108256;Q7Z417;NUFIP2;
ENSG00000079308;Q9HBL0;TNS1;
ENSG00000197111;Q15366;PCBP2;
ENSG00000084623;Q13347;EIF3I;
ENSG00000166181;Q9BZZ5;API5;
ENSG00000253729;P78527;PRKDC;
ENSG00000070831;P60953;CDC42;
ENSG00000115053;P19338;NCL;
ENSG00000151923;Q01085;TIAL1;
ENSG00000138326;P62847;RPS24;
ENSG00000119777;Q6NUQ4;TMEM214;
ENSG00000095485;Q69YN2;CWF19L1;
ENSG00000136153;Q8WWI1;LMO7;
ENSG00000100138;P55769;NHP2L1;
ENSG00000113742;Q17RY0;CPEB4;
ENSG00000153250;B4DN88;RBMS1;
ENSG00000137710;P35241;RDX;
ENSG00000187735;P23193;TCEA1;
ENSG00000134453;Q96I25;RBM17;
ENSG00000100722;Q6PJT7;ZC3H14;
ENSG00000108654;P17844;DDX5;
ENSG00000075711;Q12959;DLG1;
ENSG00000152684;Q9BRX2;PELO;
ENSG00000106246;O75127;PTCD1;
ENSG00000142937;P62241;RPS8;
ENSG00000183684;Q86V81;ALYREF;
ENSG00000106244;Q13442;PDAP1;
ENSG00000130255;Q9Y3U8;RPL36;
ENSG00000142864;Q8NC51;SERBP1;
ENSG00000136450;J3KTL2;SRSF1;
ENSG00000100941;Q9H307;PNN;
ENSG00000148773;P46013;MKI67;
ENSG00000108588;Q96A33;CCDC47;
ENSG00000159217;Q9NZI8;IGF2BP1;
ENSG00000095637;Q9BX66;SORBS1;
ENSG00000115524;O75533;SF3B1;
ENSG00000144867;Q9Y5M8;SRPRB;
ENSG00000265681;P18621;RPL17;
ENSG00000071082;B7Z4C8;RPL31;
ENSG00000066629;O00423;EML1;
ENSG00000115053;P19338;NCL;
ENSG00000110696;O00193;C11orf58;
ENSG00000104356;Q99575;POP1;
ENSG00000170448;Q6ZNB6;NFXL1;
ENSG00000066084;Q9P265;DIP2B;
ENSG00000182872;P98175;RBM10;
ENSG00000100442;Q00688;FKBP3;
ENSG00000100442;Q00688;FKBP3;
ENSG00000135486;P09651;HNRNPA1;
ENSG00000168298;P10412;HIST1H1E;
ENSG00000099284;Q9P0M6;H2AFY2;
ENSG00000132359;Q684P5;RAP1GAP2;
ENSG00000147649;Q86UE4;MTDH;
ENSG00000114204;O75830;SERPINI2;
ENSG00000160789;P02545;LMNA;
ENSG00000156508;P68104;EEF1A1;
ENSG00000123064;Q8TDD1;DDX54;
ENSG00000129351;Q12906;ILF3;
ENSG00000151150;Q12955;ANK3;
ENSG00000084463;Q9Y2W2;WBP11;
ENSG00000078018;P11137;MAP2;
ENSG00000166598;P14625;HSP90B1;
ENSG00000135018;Q9UMX0;UBQLN1;
ENSG00000144381;P10809;HSPD1;
ENSG00000119953;O75940;SMNDC1;
ENSG00000089154;Q92616;GCN1L1;
ENSG00000110880;Q9ULV4;CORO1C;
ENSG00000136231;O00425;IGF2BP3;
ENSG00000005007;Q92900;UPF1;
ENSG00000107164;Q96I24;FUBP3;
ENSG00000066084;Q9P265;DIP2B;
ENSG00000184640;Q9UHD8;SEPT9;
ENSG00000164104;P26583;HMGB2;
ENSG00000115053;P19338;NCL;
ENSG00000019144;Q86UU1;PHLDB1;
ENSG00000091527;Q9UKY7;CDV3;
ENSG00000102738;Q92665;MRPS31;
ENSG00000175183;Q16527;CSRP2;
ENSG00000065183;Q9UNX4;WDR3;
ENSG00000188739;P42696;RBM34;
ENSG00000066044;B4DVB8;ELAVL1;
ENSG00000035403;P18206;VCL;
ENSG00000099797;B3KSQ1;TECR;
ENSG00000117724;P49454;CENPF;
ENSG00000141076;Q969X6;CIRH1A;
ENSG00000155506;Q6PKG0;LARP1;
ENSG00000242265;Q86TG7;PEG10;
ENSG00000130935;Q9H8H0;NOL11;
ENSG00000169710;P49327;FASN;
ENSG00000169045;P31943;HNRNPH1;
ENSG00000175115;Q6VY07;PACS1;
ENSG00000148700;Q9UEY8;ADD3;
ENSG00000169727;Q13098;GPS1;
ENSG00000071626;Q96EP5;DAZAP1;
ENSG00000141084;Q6VN20;RANBP10;
ENSG00000132478;Q9C0B0;UNK;
ENSG00000110321;D3DQV9;EIF4G2;
ENSG00000079246;P13010;XRCC5;
ENSG00000197694;Q13813;SPTAN1;
ENSG00000160213;P04080;CSTB;
ENSG00000163539;O75122;CLASP2;
ENSG00000127483;Q5SSJ5;HP1BP3;
ENSG00000168275;Q5JTJ3;COA6;
ENSG00000107164;Q96I24;FUBP3;
ENSG00000147234;Q5JV73;FRMPD3;
ENSG00000149532;Q8N684;CPSF7;
ENSG00000065534;Q15746;MYLK;
ENSG00000004534;P78332;RBM6;
ENSG00000125503;Q9BZL4;PPP1R12C;
ENSG00000035403;P18206;VCL;
ENSG00000138698;P52306;RAP1GDS1;
ENSG00000063244;P26368;U2AF2;
ENSG00000066777;Q9Y6D6;ARFGEF1;
ENSG00000055950;B1AL06;MRPL43;
ENSG00000188739;P42696;RBM34;
ENSG00000169057;P51608;MECP2;
ENSG00000123352;Q86XZ4;SPATS2;
ENSG00000144635;Q9Y6G9;DYNC1LI1;
ENSG00000077380;Q13409;DYNC1I2;
ENSG00000204576;P79522;PRR3;
ENSG00000198732;Q9H4F8;SMOC1;
ENSG00000071626;Q96EP5;DAZAP1;
ENSG00000123384;Q07954;LRP1;
ENSG00000167004;P30101;PDIA3;
ENSG00000112306;P25398;RPS12;
ENSG00000165525;O60524;NEMF;
ENSG00000147065;P26038;MSN;
ENSG00000130520;Q9Y4Z0;LSM4;
ENSG00000145703;Q13576;IQGAP2;
ENSG00000175115;Q6VY07;PACS1;
ENSG00000104112;Q8WXD2;SCG3;
ENSG00000130810;Q9NQ55;PPAN;
ENSG00000148943;Q9NUP9;LIN7C;
ENSG00000180353;P14317;HCLS1;
ENSG00000161016;P62917;RPL8;
ENSG00000132478;Q9C0B0;UNK;
ENSG00000111275;P05091;ALDH2;
ENSG00000205542;P62328;TMSB4X;
ENSG00000196262;P62937;PPIA;
ENSG00000166598;P14625;HSP90B1;
ENSG00000166347;P00167;CYB5A;
ENSG00000165732;Q9NR30;DDX21;
ENSG00000108518;P07737;PFN1;
ENSG00000166441;P46776;RPL27A;
ENSG00000115677;Q00341;HDLBP;
ENSG00000132463;Q12849;GRSF1;
ENSG00000162613;B4DT31;FUBP1;
ENSG00000089280;P35637;FUS;
ENSG00000058272;O14974;PPP1R12A;
ENSG00000156482;P62888;RPL30;
ENSG00000074800;P06733;ENO1;
ENSG00000113282;Q14677;CLINT1;
ENSG00000139746;Q5T8P6;RBM26;
ENSG00000003756;P52756;RBM5;
ENSG00000170515;Q9UQ80;PA2G4;
ENSG00000170515;Q9UQ80;PA2G4;
ENSG00000163902;P04843;RPN1;
ENSG00000167005;O43809;NUDT21;
ENSG00000182872;P98175;RBM10;
ENSG00000137942;Q5T0N5;FNBP1L;
ENSG00000063046;P23588;EIF4B;
ENSG00000130396;P55196;MLLT4;
ENSG00000147649;Q86UE4;MTDH;
ENSG00000065613;Q9H2G2;SLK;
ENSG00000204256;P25440;BRD2;
ENSG00000117569;B4DSS8;PTBP2;
ENSG00000158710;P37802;TAGLN2;
ENSG00000099821;O00411;POLRMT;
ENSG00000139613;Q8TAQ2;SMARCC2;
ENSG00000089063;Q96A57;TMEM230;
ENSG00000066044;B4DVB8;ELAVL1;
ENSG00000110321;D3DQV9;EIF4G2;
ENSG00000133961;P49757;NUMB;
ENSG00000104824;P14866;HNRNPL;
ENSG00000120963;Q9Y5V0;ZNF706;
ENSG00000076067;Q15434;RBMS2;
ENSG00000153250;B4DN88;RBMS1;
ENSG00000167978;Q9UQ35;SRRM2;
ENSG00000002834;Q14847;LASP1;
ENSG00000165209;Q96SI9;STRBP;
ENSG00000047849;P27816;MAP4;
ENSG00000110321;D3DQV9;EIF4G2;
ENSG00000100403;Q9UGR2;ZC3H7B;
ENSG00000145425;P61247;RPS3A;
ENSG00000183091;P20929;NEB;
ENSG00000138326;P62847;RPS24;
ENSG00000072518;Q7KZI7;MARK2;
ENSG00000005100;Q9H6R0;DHX33;
ENSG00000138413;O75874;IDH1;
ENSG00000133313;Q96KP4;CNDP2;
ENSG00000183914;Q9P225;DNAH2;
ENSG00000150093;P05556;ITGB1;
ENSG00000151914;Q03001;DST;
ENSG00000138095;P42704;LRPPRC;
ENSG00000135250;P78362;SRPK2;
ENSG00000171490;O76021;RSL1D1;
ENSG00000171490;O76021;RSL1D1;
ENSG00000147010;Q96B97;SH3KBP1;
ENSG00000079246;P13010;XRCC5;
ENSG00000088038;O75175;CNOT3;
ENSG00000189403;P09429;HMGB1;
ENSG00000140988;P15880;RPS2;
ENSG00000048991;Q15032;R3HDM1;
ENSG00000179912;Q9Y2K5;R3HDM2;
ENSG00000100353;O15371;EIF3D;
ENSG00000135316;O60506;SYNCRIP;
ENSG00000148303;P62424;RPL7A;
ENSG00000117523;Q9Y520;PRRC2C;
ENSG00000178035;P12268;IMPDH2;
ENSG00000175416;P09497;CLTB;
ENSG00000197451;Q99729;HNRNPAB;
ENSG00000136231;O00425;IGF2BP3;
ENSG00000091140;P09622;DLD;
ENSG00000156482;P62888;RPL30;
ENSG00000124942;Q09666;AHNAK;
ENSG00000124942;Q09666;AHNAK;
ENSG00000124942;Q09666;AHNAK;
ENSG00000131732;Q8N567;ZCCHC9;
ENSG00000103550;Q1ED39;KNOP1;
ENSG00000153944;Q96DH6;MSI2;
ENSG00000117751;Q12972;PPP1R8;
ENSG00000115053;P19338;NCL;
ENSG00000173110;P17066;HSPA6;
ENSG00000115875;Q16629;SRSF7;
ENSG00000125970;Q9UKM9;RALY;
ENSG00000124529;P62805;HIST1H4B;
ENSG00000186416;O15226;NKRF;
ENSG00000009307;G5E9Q2;CSDE1;
ENSG00000155506;Q6PKG0;LARP1;
ENSG00000161547;Q01130;SRSF2;
ENSG00000136270;Q969Z0;TBRG4;
ENSG00000161016;P62917;RPL8;
ENSG00000078018;P11137;MAP2;
ENSG00000096746;P31942;HNRNPH3;
ENSG00000138095;P42704;LRPPRC;
ENSG00000138095;P42704;LRPPRC;
ENSG00000099899;Q8IZ69;TRMT2A;
ENSG00000168827;Q96RP9;GFM1;
ENSG00000145833;Q7L014;DDX46;
ENSG00000124942;Q09666;AHNAK;
ENSG00000124942;Q09666;AHNAK;
ENSG00000124942;Q09666;AHNAK;
ENSG00000125970;Q9UKM9;RALY;
ENSG00000089009;Q02878;RPL6;
ENSG00000142676;P62913;RPL11;
ENSG00000131018;Q8NF91;SYNE1;
ENSG00000129351;Q12906;ILF3;
ENSG00000153944;Q96DH6;MSI2;
ENSG00000058804;Q9BTX1;NDC1;
ENSG00000149187;G5EA30;CELF1;
ENSG00000105372;P39019;RPS19;
ENSG00000129351;Q12906;ILF3;
ENSG00000152234;P25705;ATP5A1;
ENSG00000089220;P30086;PEBP1;
ENSG00000136270;Q969Z0;TBRG4;
ENSG00000137076;Q9Y490;TLN1;
ENSG00000111786;Q13242;SRSF9;
ENSG00000063046;P23588;EIF4B;
ENSG00000197102;Q14204;DYNC1H1;
ENSG00000169564;Q15365;PCBP1;
ENSG00000171766;P50440;GATM;
ENSG00000174720;Q4G0J3;LARP7;
ENSG00000167658;P13639;EEF2;
ENSG00000083845;P46782;RPS5;
ENSG00000197157;Q7KZF4;SND1;
ENSG00000005007;Q92900;UPF1;
ENSG00000148303;P62424;RPL7A;
ENSG00000088247;Q92945;KHSRP;
ENSG00000158941;Q8N163;KIAA1967;
ENSG00000112081;P84103;SRSF3;
ENSG00000153187;Q00839;HNRNPU;
ENSG00000066044;B4DVB8;ELAVL1;
ENSG00000196924;P21333;FLNA;
ENSG00000107223;O60869;EDF1;
ENSG00000130811;O75821;EIF3G;
ENSG00000106244;Q13442;PDAP1;
ENSG00000140374;P13804;ETFA;
ENSG00000132383;P27694;RPA1;
ENSG00000136450;J3KTL2;SRSF1;
ENSG00000125944;O43390;HNRNPR;
ENSG00000132382;Q9BQG0;MYBBP1A;
ENSG00000115875;Q16629;SRSF7;
ENSG00000127445;Q13526;PIN1;
ENSG00000116001;P31483;TIA1;
ENSG00000183684;Q86V81;ALYREF;
ENSG00000138095;P42704;LRPPRC;
ENSG00000112183;Q9BX46;RBM24;
ENSG00000076770;Q9NUK0;MBNL3;
ENSG00000126945;P55795;HNRNPH2;
ENSG00000122965;Q9Y4C8;RBM19;
ENSG00000164548;Q13595;TRA2A;
ENSG00000099622;D6W5Y5;CIRBP;
ENSG00000137815;Q92541;RTF1;
ENSG00000120802;P42166;TMPO;
ENSG00000166441;P46776;RPL27A;
ENSG00000132463;Q12849;GRSF1;
ENSG00000149273;P23396;RPS3;
ENSG00000132153;Q7L2E3;DHX30;
ENSG00000184083;Q9NX05;FAM120C;
ENSG00000008294;O60271;SPAG9;
ENSG00000198492;Q9Y5A9;YTHDF2;
ENSG00000129245;P51116;FXR2;
ENSG00000101361;O00567;NOP56;
ENSG00000130255;Q9Y3U8;RPL36;
ENSG00000142541;P40429;RPL13A;
ENSG00000125871;Q9BQP7;MGME1;
ENSG00000021776;O60306;AQR;
ENSG00000132591;O75616;ERAL1;
ENSG00000184897;Q92522;H1FX;
ENSG00000166181;Q9BZZ5;API5;
ENSG00000130935;Q9H8H0;NOL11;
ENSG00000100714;P11586;MTHFD1;
ENSG00000089220;P30086;PEBP1;
ENSG00000089009;Q02878;RPL6;